t_s,x_fs1,x_q_nodither_3bit,x_q_dither_3bit
0.000000000000000000e+00,1.414213562373095145e+00,7.142857142857144126e-01,7.142857142857144126e-01
3.125000000000000065e-04,-5.433595306097078748e-01,-7.142857142857144126e-01,7.142857142857144126e-01
6.250000000000000130e-04,2.524971366857111654e-01,7.142857142857144126e-01,7.142857142857144126e-01
9.374999999999999653e-04,3.733244922461305570e+00,3.571428571428571175e+00,3.571428571428571175e+00
1.250000000000000026e-03,4.185852159906955805e+00,3.571428571428571175e+00,3.571428571428571175e+00
1.562500000000000087e-03,1.571340617643494753e+00,2.142857142857143238e+00,7.142857142857144126e-01
1.874999999999999931e-03,1.528142278836597034e+00,2.142857142857143238e+00,7.142857142857144126e-01
2.187500000000000208e-03,4.059977355418163292e+00,3.571428571428571175e+00,5.000000000000000000e+00
2.500000000000000052e-03,3.535533905932737309e+00,3.571428571428571175e+00,3.571428571428571175e+00
2.812499999999999896e-03,-2.335189509961033139e-05,-7.142857142857144126e-01,7.142857142857144126e-01
3.125000000000000173e-03,-8.289425963247102347e-01,-7.142857142857144126e-01,-2.142857142857142794e+00
3.437500000000000017e-03,1.120162141384416055e+00,7.142857142857144126e-01,2.142857142857143238e+00
3.749999999999999861e-03,2.661632652778258556e-01,7.142857142857144126e-01,7.142857142857144126e-01
4.062500000000000139e-03,-3.317393414864033385e+00,-3.571428571428571175e+00,-3.571428571428571175e+00
4.375000000000000416e-03,-3.908622399280725634e+00,-3.571428571428571175e+00,-5.000000000000000000e+00
4.687499999999999827e-03,-1.456607444823529107e+00,-2.142857142857142794e+00,-2.142857142857142794e+00
5.000000000000000104e-03,-1.585786437626904855e+00,-2.142857142857142794e+00,-2.142857142857142794e+00
5.312500000000000382e-03,-4.285034569569724283e+00,-3.571428571428571175e+00,-3.571428571428571175e+00
5.624999999999999792e-03,-3.908622399280731852e+00,-3.571428571428571175e+00,-3.571428571428571175e+00
5.937500000000000069e-03,-4.889662901178406518e-01,-7.142857142857144126e-01,-7.142857142857144126e-01
6.250000000000000347e-03,2.661632652778218588e-01,7.142857142857144126e-01,7.142857142857144126e-01
6.562499999999999757e-03,-1.708264983361776013e+00,-2.142857142857142794e+00,-2.142857142857142794e+00
6.875000000000000035e-03,-8.289425963247110118e-01,-7.142857142857144126e-01,-7.142857142857144126e-01
7.187500000000000312e-03,2.828403772851089570e+00,2.142857142857143238e+00,2.142857142857143238e+00
7.499999999999999722e-03,3.535533905932743082e+00,3.571428571428571175e+00,3.571428571428571175e+00
7.812500000000000000e-03,1.231550230671972779e+00,7.142857142857144126e-01,2.142857142857143238e+00
8.125000000000000278e-03,1.528142278836594814e+00,2.142857142857143238e+00,7.142857142857144126e-01
8.437500000000000555e-03,4.399767742389687264e+00,5.000000000000000000e+00,5.000000000000000000e+00
8.750000000000000833e-03,4.185852159906951364e+00,3.571428571428571175e+00,5.000000000000000000e+00
9.062499999999999375e-03,9.048177977151210527e-01,7.142857142857144126e-01,7.142857142857144126e-01
9.374999999999999653e-03,2.524971366857104993e-01,7.142857142857144126e-01,7.142857142857144126e-01
9.687499999999999931e-03,2.285067594136486413e+00,2.142857142857143238e+00,2.142857142857143238e+00
1.000000000000000021e-02,1.414213562373102695e+00,7.142857142857144126e-01,7.142857142857144126e-01
1.031250000000000049e-02,-2.285067594136479308e+00,-2.142857142857142794e+00,-2.142857142857142794e+00
1.062500000000000076e-02,-3.080924261431901900e+00,-3.571428571428571175e+00,-2.142857142857142794e+00
1.093750000000000104e-02,-9.048177977151157236e-01,-7.142857142857144126e-01,-7.142857142857144126e-01
1.124999999999999958e-02,-1.357425035160757076e+00,-7.142857142857144126e-01,-2.142857142857142794e+00
1.156249999999999986e-02,-4.399767742389681047e+00,-5.000000000000000000e+00,-5.000000000000000000e+00
1.187500000000000014e-02,-4.356569403582788880e+00,-5.000000000000000000e+00,-3.571428571428571175e+00
1.218750000000000042e-02,-1.231550230671970336e+00,-7.142857142857144126e-01,-7.142857142857144126e-01
1.250000000000000069e-02,-7.071067811865496822e-01,-7.142857142857144126e-01,-7.142857142857144126e-01
1.281250000000000097e-02,-2.828403772851094899e+00,-2.142857142857142794e+00,-2.142857142857142794e+00
1.312499999999999951e-02,-1.999484528421487051e+00,-2.142857142857142794e+00,-2.142857142857142794e+00
1.343749999999999979e-02,1.708264983361764244e+00,2.142857142857143238e+00,2.142857142857143238e+00
1.375000000000000007e-02,2.562263859468361993e+00,2.142857142857143238e+00,2.142857142857143238e+00
1.406250000000000035e-02,4.889662901178442045e-01,7.142857142857144126e-01,7.142857142857144126e-01
1.437500000000000062e-02,1.080195274534547334e+00,7.142857142857144126e-01,7.142857142857144126e-01
1.468750000000000090e-02,4.285034569569721619e+00,3.571428571428571175e+00,5.000000000000000000e+00
1.499999999999999944e-02,4.414213562373102917e+00,5.000000000000000000e+00,5.000000000000000000e+00
1.531249999999999972e-02,1.456607444823527997e+00,2.142857142857143238e+00,7.142857142857144126e-01
1.562500000000000000e-02,1.080195274534538674e+00,7.142857142857144126e-01,2.142857142857143238e+00
1.593750000000000028e-02,3.317393414864020507e+00,3.571428571428571175e+00,3.571428571428571175e+00
1.625000000000000056e-02,2.562263859468365546e+00,2.142857142857143238e+00,3.571428571428571175e+00
1.656250000000000083e-02,-1.120162141384406507e+00,-7.142857142857144126e-01,-7.142857142857144126e-01
1.687500000000000111e-02,-1.999484528421474838e+00,-2.142857142857142794e+00,-2.142857142857142794e+00
1.718750000000000139e-02,2.335189509783397455e-05,7.142857142857144126e-01,7.142857142857144126e-01
1.750000000000000167e-02,-7.071067811865592301e-01,-7.142857142857144126e-01,-7.142857142857144126e-01
1.781250000000000194e-02,-4.059977355418162404e+00,-3.571428571428571175e+00,-5.000000000000000000e+00
1.812499999999999875e-02,-4.356569403582788880e+00,-5.000000000000000000e+00,-5.000000000000000000e+00
1.843749999999999903e-02,-1.571340617643507853e+00,-2.142857142857142794e+00,-2.142857142857142794e+00
1.874999999999999931e-02,-1.357425035160766402e+00,-7.142857142857144126e-01,-2.142857142857142794e+00
1.906249999999999958e-02,-3.733244922461302018e+00,-3.571428571428571175e+00,-3.571428571428571175e+00
1.937499999999999986e-02,-3.080924261431901456e+00,-3.571428571428571175e+00,-2.142857142857142794e+00
1.968750000000000014e-02,5.433595306097069866e-01,7.142857142857144126e-01,7.142857142857144126e-01
2.000000000000000042e-02,1.414213562373102251e+00,7.142857142857144126e-01,7.142857142857144126e-01
2.031250000000000069e-02,-5.433595306097158684e-01,-7.142857142857144126e-01,-7.142857142857144126e-01
2.062500000000000097e-02,2.524971366857089450e-01,7.142857142857144126e-01,-7.142857142857144126e-01
2.093750000000000125e-02,3.733244922461313564e+00,3.571428571428571175e+00,3.571428571428571175e+00
2.125000000000000153e-02,4.185852159906954029e+00,3.571428571428571175e+00,3.571428571428571175e+00
2.156250000000000180e-02,1.571340617643483206e+00,2.142857142857143238e+00,2.142857142857143238e+00
2.187500000000000208e-02,1.528142278836601475e+00,2.142857142857143238e+00,2.142857142857143238e+00
2.218749999999999889e-02,4.059977355418158851e+00,3.571428571428571175e+00,3.571428571428571175e+00
2.249999999999999917e-02,3.535533905932751519e+00,3.571428571428571175e+00,2.142857142857143238e+00
2.281249999999999944e-02,-2.335189509761192994e-05,-7.142857142857144126e-01,7.142857142857144126e-01
2.312499999999999972e-02,-8.289425963247148976e-01,-7.142857142857144126e-01,-7.142857142857144126e-01
2.343750000000000000e-02,1.120162141384404064e+00,7.142857142857144126e-01,2.142857142857143238e+00
2.375000000000000028e-02,2.661632652778322949e-01,7.142857142857144126e-01,7.142857142857144126e-01
2.406250000000000056e-02,-3.317393414864024059e+00,-3.571428571428571175e+00,-3.571428571428571175e+00
2.437500000000000083e-02,-3.908622399280725190e+00,-3.571428571428571175e+00,-3.571428571428571175e+00
2.468750000000000111e-02,-1.456607444823532882e+00,-2.142857142857142794e+00,-2.142857142857142794e+00
2.500000000000000139e-02,-1.585786437626914402e+00,-2.142857142857142794e+00,-7.142857142857144126e-01
2.531250000000000167e-02,-4.285034569569743823e+00,-3.571428571428571175e+00,-3.571428571428571175e+00
2.562500000000000194e-02,-3.908622399280718529e+00,-3.571428571428571175e+00,-3.571428571428571175e+00
2.593750000000000222e-02,-4.889662901178315479e-01,-7.142857142857144126e-01,-7.142857142857144126e-01
2.624999999999999903e-02,2.661632652778178620e-01,7.142857142857144126e-01,-7.142857142857144126e-01
2.656249999999999931e-02,-1.708264983361770240e+00,-2.142857142857142794e+00,-2.142857142857142794e+00
2.687499999999999958e-02,-8.289425963247314399e-01,-7.142857142857144126e-01,-7.142857142857144126e-01
2.718749999999999986e-02,2.828403772851097564e+00,2.142857142857143238e+00,3.571428571428571175e+00
2.750000000000000014e-02,3.535533905932728871e+00,3.571428571428571175e+00,3.571428571428571175e+00
2.781250000000000042e-02,1.231550230671967228e+00,7.142857142857144126e-01,7.142857142857144126e-01
2.812500000000000069e-02,1.528142278836588375e+00,2.142857142857143238e+00,7.142857142857144126e-01
2.843750000000000097e-02,4.399767742389671277e+00,5.000000000000000000e+00,5.000000000000000000e+00
2.875000000000000125e-02,4.185852159906938041e+00,3.571428571428571175e+00,5.000000000000000000e+00
2.906250000000000153e-02,9.048177977151083962e-01,7.142857142857144126e-01,7.142857142857144126e-01
2.937500000000000180e-02,2.524971366857127197e-01,7.142857142857144126e-01,7.142857142857144126e-01
2.968750000000000208e-02,2.285067594136477531e+00,2.142857142857143238e+00,2.142857142857143238e+00
2.999999999999999889e-02,1.414213562373110467e+00,7.142857142857144126e-01,2.142857142857143238e+00
3.031249999999999917e-02,-2.285067594136456215e+00,-2.142857142857142794e+00,-2.142857142857142794e+00
3.062499999999999944e-02,-3.080924261431881028e+00,-3.571428571428571175e+00,-3.571428571428571175e+00
3.093749999999999972e-02,-9.048177977151095064e-01,-7.142857142857144126e-01,-2.142857142857142794e+00
3.125000000000000000e-02,-1.357425035160761073e+00,-7.142857142857144126e-01,-2.142857142857142794e+00
3.156250000000000028e-02,-4.399767742389674829e+00,-5.000000000000000000e+00,-3.571428571428571175e+00
3.187500000000000056e-02,-4.356569403582803979e+00,-5.000000000000000000e+00,-5.000000000000000000e+00
3.218750000000000083e-02,-1.231550230671956569e+00,-7.142857142857144126e-01,-7.142857142857144126e-01
3.250000000000000111e-02,-7.071067811865594521e-01,-7.142857142857144126e-01,-7.142857142857144126e-01
3.281250000000000139e-02,-2.828403772851086462e+00,-2.142857142857142794e+00,-3.571428571428571175e+00
3.312500000000000167e-02,-1.999484528421489271e+00,-2.142857142857142794e+00,-2.142857142857142794e+00
3.343750000000000194e-02,1.708264983361796663e+00,2.142857142857143238e+00,2.142857142857143238e+00
3.375000000000000222e-02,2.562263859468350002e+00,2.142857142857143238e+00,2.142857142857143238e+00
3.406250000000000250e-02,4.889662901178319920e-01,7.142857142857144126e-01,-7.142857142857144126e-01
3.437500000000000278e-02,1.080195274534546668e+00,7.142857142857144126e-01,7.142857142857144126e-01
3.468750000000000305e-02,4.285034569569754481e+00,3.571428571428571175e+00,3.571428571428571175e+00
3.500000000000000333e-02,4.414213562373068278e+00,5.000000000000000000e+00,5.000000000000000000e+00
3.531250000000000361e-02,1.456607444823510011e+00,2.142857142857143238e+00,2.142857142857143238e+00
3.562500000000000389e-02,1.080195274534554661e+00,7.142857142857144126e-01,7.142857142857144126e-01
3.593750000000000416e-02,3.317393414864072909e+00,3.571428571428571175e+00,3.571428571428571175e+00
3.624999999999999750e-02,2.562263859468377980e+00,2.142857142857143238e+00,3.571428571428571175e+00
3.656249999999999778e-02,-1.120162141384398735e+00,-7.142857142857144126e-01,-2.142857142857142794e+00
3.687499999999999806e-02,-1.999484528421482388e+00,-2.142857142857142794e+00,-2.142857142857142794e+00
3.718749999999999833e-02,2.335189508340107523e-05,7.142857142857144126e-01,7.142857142857144126e-01
3.749999999999999861e-02,-7.071067811865523467e-01,-7.142857142857144126e-01,-7.142857142857144126e-01
3.781249999999999889e-02,-4.059977355418150857e+00,-3.571428571428571175e+00,-3.571428571428571175e+00
3.812499999999999917e-02,-4.356569403582794209e+00,-5.000000000000000000e+00,-5.000000000000000000e+00
3.843749999999999944e-02,-1.571340617643512516e+00,-2.142857142857142794e+00,-2.142857142857142794e+00
3.874999999999999972e-02,-1.357425035160785942e+00,-7.142857142857144126e-01,-2.142857142857142794e+00
3.906250000000000000e-02,-3.733244922461317561e+00,-3.571428571428571175e+00,-3.571428571428571175e+00
3.937500000000000028e-02,-3.080924261431899680e+00,-3.571428571428571175e+00,-2.142857142857142794e+00
3.968750000000000056e-02,5.433595306096892230e-01,7.142857142857144126e-01,7.142857142857144126e-01
4.000000000000000083e-02,1.414213562373105582e+00,7.142857142857144126e-01,7.142857142857144126e-01
4.031250000000000111e-02,-5.433595306097225297e-01,-7.142857142857144126e-01,-7.142857142857144126e-01
4.062500000000000139e-02,2.524971366857129418e-01,7.142857142857144126e-01,7.142857142857144126e-01
4.093750000000000167e-02,3.733244922461306459e+00,3.571428571428571175e+00,3.571428571428571175e+00
4.125000000000000194e-02,4.185852159906962910e+00,3.571428571428571175e+00,3.571428571428571175e+00
4.156250000000000222e-02,1.571340617643467219e+00,2.142857142857143238e+00,7.142857142857144126e-01
4.187500000000000250e-02,1.528142278836616352e+00,2.142857142857143238e+00,2.142857142857143238e+00
4.218750000000000278e-02,4.059977355418169509e+00,3.571428571428571175e+00,3.571428571428571175e+00
4.250000000000000305e-02,3.535533905932738197e+00,3.571428571428571175e+00,3.571428571428571175e+00
4.281250000000000333e-02,-2.335189513935631567e-05,-7.142857142857144126e-01,7.142857142857144126e-01
4.312500000000000361e-02,-8.289425963246885853e-01,-7.142857142857144126e-01,-7.142857142857144126e-01
4.343750000000000389e-02,1.120162141384440702e+00,7.142857142857144126e-01,2.142857142857143238e+00
4.375000000000000416e-02,2.661632652778096464e-01,7.142857142857144126e-01,7.142857142857144126e-01
4.406249999999999750e-02,-3.317393414863988532e+00,-3.571428571428571175e+00,-3.571428571428571175e+00
4.437499999999999778e-02,-3.908622399280729631e+00,-3.571428571428571175e+00,-3.571428571428571175e+00
4.468749999999999806e-02,-1.456607444823534880e+00,-2.142857142857142794e+00,-2.142857142857142794e+00
4.499999999999999833e-02,-1.585786437626888645e+00,-2.142857142857142794e+00,-2.142857142857142794e+00
4.531249999999999861e-02,-4.285034569569698526e+00,-3.571428571428571175e+00,-5.000000000000000000e+00
4.562499999999999889e-02,-3.908622399280730964e+00,-3.571428571428571175e+00,-3.571428571428571175e+00
4.593749999999999917e-02,-4.889662901178468690e-01,-7.142857142857144126e-01,-7.142857142857144126e-01
4.624999999999999944e-02,2.661632652778311847e-01,7.142857142857144126e-01,-7.142857142857144126e-01
4.656249999999999972e-02,-1.708264983361777567e+00,-2.142857142857142794e+00,-2.142857142857142794e+00
4.687500000000000000e-02,-8.289425963247392115e-01,-7.142857142857144126e-01,-7.142857142857144126e-01
4.718750000000000028e-02,2.828403772851099340e+00,2.142857142857143238e+00,2.142857142857143238e+00
4.750000000000000056e-02,3.535533905932724874e+00,3.571428571428571175e+00,3.571428571428571175e+00
4.781250000000000083e-02,1.231550230671971891e+00,7.142857142857144126e-01,7.142857142857144126e-01
4.812500000000000111e-02,1.528142278836584600e+00,2.142857142857143238e+00,2.142857142857143238e+00
4.843750000000000139e-02,4.399767742389707692e+00,5.000000000000000000e+00,3.571428571428571175e+00
4.875000000000000167e-02,4.185852159906944259e+00,3.571428571428571175e+00,5.000000000000000000e+00
4.906250000000000194e-02,9.048177977151086182e-01,7.142857142857144126e-01,7.142857142857144126e-01
4.937500000000000222e-02,2.524971366857176047e-01,7.142857142857144126e-01,-7.142857142857144126e-01
4.968750000000000250e-02,2.285067594136514835e+00,2.142857142857143238e+00,2.142857142857143238e+00
5.000000000000000278e-02,1.414213562373067390e+00,7.142857142857144126e-01,7.142857142857144126e-01
5.031250000000000305e-02,-2.285067594136489078e+00,-2.142857142857142794e+00,-2.142857142857142794e+00
5.062500000000000333e-02,-3.080924261431893463e+00,-3.571428571428571175e+00,-3.571428571428571175e+00
5.093750000000000361e-02,-9.048177977150400064e-01,-7.142857142857144126e-01,-7.142857142857144126e-01
5.125000000000000389e-02,-1.357425035160834792e+00,-7.142857142857144126e-01,-2.142857142857142794e+00
5.156250000000000416e-02,-4.399767742389750325e+00,-5.000000000000000000e+00,-3.571428571428571175e+00
5.187500000000000444e-02,-4.356569403582727595e+00,-5.000000000000000000e+00,-5.000000000000000000e+00
5.218749999999999778e-02,-1.231550230671922819e+00,-7.142857142857144126e-01,-2.142857142857142794e+00
5.249999999999999806e-02,-7.071067811866029729e-01,-7.142857142857144126e-01,-7.142857142857144126e-01
5.281249999999999833e-02,-2.828403772851132203e+00,-2.142857142857142794e+00,-2.142857142857142794e+00
5.312499999999999861e-02,-1.999484528421456853e+00,-2.142857142857142794e+00,-2.142857142857142794e+00
5.343749999999999889e-02,1.708264983361778455e+00,2.142857142857143238e+00,7.142857142857144126e-01
5.374999999999999917e-02,2.562263859468343785e+00,2.142857142857143238e+00,2.142857142857143238e+00
5.406249999999999944e-02,4.889662901178359888e-01,7.142857142857144126e-01,7.142857142857144126e-01
5.437499999999999972e-02,1.080195274534608174e+00,7.142857142857144126e-01,7.142857142857144126e-01
5.468750000000000000e-02,4.285034569569788232e+00,3.571428571428571175e+00,3.571428571428571175e+00
5.500000000000000028e-02,4.414213562373033639e+00,5.000000000000000000e+00,5.000000000000000000e+00
5.531250000000000056e-02,1.456607444823482034e+00,2.142857142857143238e+00,7.142857142857144126e-01
5.562500000000000083e-02,1.080195274534590189e+00,7.142857142857144126e-01,2.142857142857143238e+00
5.593750000000000111e-02,3.317393414864069356e+00,3.571428571428571175e+00,2.142857142857143238e+00
5.625000000000000139e-02,2.562263859468345562e+00,2.142857142857143238e+00,2.142857142857143238e+00
5.656250000000000167e-02,-1.120162141384431154e+00,-7.142857142857144126e-01,-2.142857142857142794e+00
5.687500000000000194e-02,-1.999484528421466401e+00,-2.142857142857142794e+00,-7.142857142857144126e-01
5.718750000000000222e-02,2.335189520041858202e-05,7.142857142857144126e-01,7.142857142857144126e-01
5.750000000000000250e-02,-7.071067811866258435e-01,-7.142857142857144126e-01,-7.142857142857144126e-01
5.781250000000000278e-02,-4.059977355418235234e+00,-3.571428571428571175e+00,-3.571428571428571175e+00
5.812500000000000305e-02,-4.356569403582719602e+00,-5.000000000000000000e+00,-3.571428571428571175e+00
5.843750000000000333e-02,-1.571340617643437687e+00,-2.142857142857142794e+00,-2.142857142857142794e+00
5.875000000000000361e-02,-1.357425035160813476e+00,-7.142857142857144126e-01,-7.142857142857144126e-01
5.906250000000000389e-02,-3.733244922461353532e+00,-3.571428571428571175e+00,-3.571428571428571175e+00
5.937500000000000416e-02,-3.080924261431867262e+00,-3.571428571428571175e+00,-3.571428571428571175e+00
5.968750000000000444e-02,5.433595306098224498e-01,7.142857142857144126e-01,7.142857142857144126e-01
5.999999999999999778e-02,1.414213562373068722e+00,7.142857142857144126e-01,2.142857142857143238e+00
6.031249999999999806e-02,-5.433595306097394051e-01,-7.142857142857144126e-01,-7.142857142857144126e-01
6.062499999999999833e-02,2.524971366857058364e-01,7.142857142857144126e-01,7.142857142857144126e-01
6.093749999999999861e-02,3.733244922461299353e+00,3.571428571428571175e+00,3.571428571428571175e+00
6.124999999999999889e-02,4.185852159906878533e+00,3.571428571428571175e+00,5.000000000000000000e+00
6.156249999999999917e-02,1.571340617643432580e+00,2.142857142857143238e+00,2.142857142857143238e+00
6.187499999999999944e-02,1.528142278836651435e+00,2.142857142857143238e+00,2.142857142857143238e+00
6.218749999999999972e-02,4.059977355418214806e+00,3.571428571428571175e+00,5.000000000000000000e+00
6.250000000000000000e-02,3.535533905932705334e+00,3.571428571428571175e+00,3.571428571428571175e+00
6.281250000000000722e-02,-2.335189523128278211e-05,-7.142857142857144126e-01,-7.142857142857144126e-01
6.312500000000000056e-02,-8.289425963246710438e-01,-7.142857142857144126e-01,-7.142857142857144126e-01
6.343750000000000777e-02,1.120162141384496657e+00,7.142857142857144126e-01,2.142857142857143238e+00
6.375000000000000111e-02,2.661632652778174180e-01,7.142857142857144126e-01,7.142857142857144126e-01
6.406249999999999445e-02,-3.317393414864005408e+00,-3.571428571428571175e+00,-3.571428571428571175e+00
6.437500000000000167e-02,-3.908622399280653248e+00,-3.571428571428571175e+00,-5.000000000000000000e+00
6.468749999999999500e-02,-1.456607444823539987e+00,-2.142857142857142794e+00,-7.142857142857144126e-01
6.500000000000000222e-02,-1.585786437626963474e+00,-2.142857142857142794e+00,-2.142857142857142794e+00
6.531249999999999556e-02,-4.285034569569699414e+00,-3.571428571428571175e+00,-5.000000000000000000e+00
6.562500000000000278e-02,-3.908622399280685666e+00,-3.571428571428571175e+00,-3.571428571428571175e+00
6.593749999999999611e-02,-4.889662901178140064e-01,-7.142857142857144126e-01,-7.142857142857144126e-01
6.625000000000000333e-02,2.661632652777945474e-01,7.142857142857144126e-01,7.142857142857144126e-01
6.656249999999999667e-02,-1.708264983361814426e+00,-2.142857142857142794e+00,-2.142857142857142794e+00
6.687500000000000389e-02,-8.289425963246263018e-01,-7.142857142857144126e-01,-7.142857142857144126e-01
6.718749999999999722e-02,2.828403772851072695e+00,2.142857142857143238e+00,2.142857142857143238e+00
6.750000000000000444e-02,3.535533905932664034e+00,3.571428571428571175e+00,3.571428571428571175e+00
6.781249999999999778e-02,1.231550230671976109e+00,7.142857142857144126e-01,2.142857142857143238e+00
6.812500000000000500e-02,1.528142278836658985e+00,2.142857142857143238e+00,2.142857142857143238e+00
6.843749999999999833e-02,4.399767742389744107e+00,5.000000000000000000e+00,5.000000000000000000e+00
6.875000000000000555e-02,4.185852159906902514e+00,3.571428571428571175e+00,5.000000000000000000e+00
6.906249999999999889e-02,9.048177977150886342e-01,7.142857142857144126e-01,7.142857142857144126e-01
6.937500000000000611e-02,2.524971366858344002e-01,7.142857142857144126e-01,-7.142857142857144126e-01
6.968749999999999944e-02,2.285067594136511282e+00,2.142857142857143238e+00,2.142857142857143238e+00
7.000000000000000666e-02,1.414213562372994781e+00,7.142857142857144126e-01,7.142857142857144126e-01
7.031250000000000000e-02,-2.285067594136501512e+00,-2.142857142857142794e+00,-2.142857142857142794e+00
7.062500000000000722e-02,-3.080924261431834843e+00,-3.571428571428571175e+00,-2.142857142857142794e+00
7.093750000000000056e-02,-9.048177977150309026e-01,-7.142857142857144126e-01,-7.142857142857144126e-01
7.125000000000000777e-02,-1.357425035160828797e+00,-7.142857142857144126e-01,-7.142857142857144126e-01
7.156250000000000111e-02,-4.399767742389744996e+00,-5.000000000000000000e+00,-3.571428571428571175e+00
7.187500000000000833e-02,-4.356569403582653877e+00,-5.000000000000000000e+00,-3.571428571428571175e+00
7.218750000000000167e-02,-1.231550230671919488e+00,-7.142857142857144126e-01,-7.142857142857144126e-01
7.249999999999999500e-02,-7.071067811865991981e-01,-7.142857142857144126e-01,-7.142857142857144126e-01
7.281250000000000222e-02,-2.828403772851128650e+00,-2.142857142857142794e+00,-2.142857142857142794e+00
7.312499999999999556e-02,-1.999484528421464846e+00,-2.142857142857142794e+00,-2.142857142857142794e+00
7.343750000000000278e-02,1.708264983361872158e+00,2.142857142857143238e+00,2.142857142857143238e+00
7.374999999999999611e-02,2.562263859468327354e+00,2.142857142857143238e+00,2.142857142857143238e+00
7.406250000000000333e-02,4.889662901177758147e-01,7.142857142857144126e-01,-7.142857142857144126e-01
7.437499999999999667e-02,1.080195274534521355e+00,7.142857142857144126e-01,7.142857142857144126e-01
7.468750000000000389e-02,4.285034569569782015e+00,3.571428571428571175e+00,3.571428571428571175e+00
7.499999999999999722e-02,4.414213562373038968e+00,5.000000000000000000e+00,5.000000000000000000e+00
7.531250000000000444e-02,1.456607444823481812e+00,2.142857142857143238e+00,2.142857142857143238e+00
7.562499999999999778e-02,1.080195274534597960e+00,7.142857142857144126e-01,2.142857142857143238e+00
7.593750000000000500e-02,3.317393414864129753e+00,3.571428571428571175e+00,3.571428571428571175e+00
7.624999999999999833e-02,2.562263859468353111e+00,2.142857142857143238e+00,2.142857142857143238e+00
7.656250000000000555e-02,-1.120162141384503762e+00,-7.142857142857144126e-01,-7.142857142857144126e-01
7.687499999999999889e-02,-1.999484528421469953e+00,-2.142857142857142794e+00,-2.142857142857142794e+00
7.718750000000000611e-02,2.335189517821412153e-05,7.142857142857144126e-01,7.142857142857144126e-01
7.749999999999999944e-02,-7.071067811866034170e-01,-7.142857142857144126e-01,-7.142857142857144126e-01
7.781250000000000666e-02,-4.059977355418238787e+00,-3.571428571428571175e+00,-3.571428571428571175e+00
7.812500000000000000e-02,-4.356569403582724043e+00,-5.000000000000000000e+00,-5.000000000000000000e+00
7.843750000000000722e-02,-1.571340617643443682e+00,-2.142857142857142794e+00,-2.142857142857142794e+00
7.875000000000000056e-02,-1.357425035160808813e+00,-7.142857142857144126e-01,-7.142857142857144126e-01
7.906250000000000777e-02,-3.733244922461416593e+00,-3.571428571428571175e+00,-3.571428571428571175e+00
7.937500000000000111e-02,-3.080924261431892131e+00,-3.571428571428571175e+00,-3.571428571428571175e+00
7.968750000000000833e-02,5.433595306098353284e-01,7.142857142857144126e-01,7.142857142857144126e-01
8.000000000000000167e-02,1.414213562373071831e+00,7.142857142857144126e-01,2.142857142857143238e+00
8.031249999999999500e-02,-5.433595306097563915e-01,-7.142857142857144126e-01,-7.142857142857144126e-01
8.062500000000000222e-02,2.524971366857962085e-01,7.142857142857144126e-01,7.142857142857144126e-01
8.093749999999999556e-02,3.733244922461279369e+00,3.571428571428571175e+00,3.571428571428571175e+00
8.125000000000000278e-02,4.185852159906882974e+00,3.571428571428571175e+00,5.000000000000000000e+00
8.156249999999999611e-02,1.571340617643518511e+00,2.142857142857143238e+00,2.142857142857143238e+00
8.187500000000000333e-02,1.528142278836646328e+00,2.142857142857143238e+00,7.142857142857144126e-01
8.218749999999999667e-02,4.059977355418221023e+00,3.571428571428571175e+00,3.571428571428571175e+00
8.250000000000000389e-02,3.535533905932696896e+00,3.571428571428571175e+00,3.571428571428571175e+00
8.281249999999999722e-02,-2.335189510560553572e-05,-7.142857142857144126e-01,7.142857142857144126e-01
8.312500000000000444e-02,-8.289425963245939943e-01,-7.142857142857144126e-01,-7.142857142857144126e-01
8.343749999999999778e-02,1.120162141384434040e+00,7.142857142857144126e-01,7.142857142857144126e-01
8.375000000000000500e-02,2.661632652777443653e-01,7.142857142857144126e-01,7.142857142857144126e-01
8.406249999999999833e-02,-3.317393414863998302e+00,-3.571428571428571175e+00,-3.571428571428571175e+00
8.437500000000000555e-02,-3.908622399280669235e+00,-3.571428571428571175e+00,-3.571428571428571175e+00
8.468749999999999889e-02,-1.456607444823464492e+00,-2.142857142857142794e+00,-7.142857142857144126e-01
8.500000000000000611e-02,-1.585786437626957923e+00,-2.142857142857142794e+00,-7.142857142857144126e-01
8.531249999999999944e-02,-4.285034569569769580e+00,-3.571428571428571175e+00,-3.571428571428571175e+00
8.562500000000000666e-02,-3.908622399280612392e+00,-3.571428571428571175e+00,-3.571428571428571175e+00
8.593750000000000000e-02,-4.889662901178377652e-01,-7.142857142857144126e-01,-7.142857142857144126e-01
8.625000000000000722e-02,2.661632652777374819e-01,7.142857142857144126e-01,7.142857142857144126e-01
8.656250000000000056e-02,-1.708264983361810874e+00,-2.142857142857142794e+00,-2.142857142857142794e+00
8.687500000000000777e-02,-8.289425963246339624e-01,-7.142857142857144126e-01,-7.142857142857144126e-01
8.718750000000000111e-02,2.828403772851164177e+00,2.142857142857143238e+00,3.571428571428571175e+00
8.750000000000000833e-02,3.535533905932667587e+00,3.571428571428571175e+00,3.571428571428571175e+00
8.781250000000000167e-02,1.231550230671910828e+00,7.142857142857144126e-01,7.142857142857144126e-01
8.812499999999999500e-02,1.528142278836568613e+00,2.142857142857143238e+00,7.142857142857144126e-01
8.843750000000000222e-02,4.399767742389737002e+00,5.000000000000000000e+00,3.571428571428571175e+00
8.874999999999999556e-02,4.185852159906916725e+00,3.571428571428571175e+00,5.000000000000000000e+00
8.906250000000000278e-02,9.048177977150821949e-01,7.142857142857144126e-01,7.142857142857144126e-01
8.937499999999999611e-02,2.524971366857682309e-01,7.142857142857144126e-01,7.142857142857144126e-01
8.968750000000000333e-02,2.285067594136567681e+00,2.142857142857143238e+00,2.142857142857143238e+00
8.999999999999999667e-02,1.414213562373104249e+00,7.142857142857144126e-01,7.142857142857144126e-01
9.031250000000000389e-02,-2.285067594136553915e+00,-2.142857142857142794e+00,-2.142857142857142794e+00
9.062499999999999722e-02,-3.080924261431901012e+00,-3.571428571428571175e+00,-3.571428571428571175e+00
9.093750000000000444e-02,-9.048177977150484441e-01,-7.142857142857144126e-01,-2.142857142857142794e+00
9.124999999999999778e-02,-1.357425035160814364e+00,-7.142857142857144126e-01,-7.142857142857144126e-01
9.156250000000000500e-02,-4.399767742389741443e+00,-5.000000000000000000e+00,-5.000000000000000000e+00
9.187499999999999833e-02,-4.356569403582743583e+00,-5.000000000000000000e+00,-5.000000000000000000e+00
9.218750000000000555e-02,-1.231550230671855761e+00,-7.142857142857144126e-01,-7.142857142857144126e-01
9.249999999999999889e-02,-7.071067811865798802e-01,-7.142857142857144126e-01,-7.142857142857144126e-01
9.281250000000000611e-02,-2.828403772851186382e+00,-2.142857142857142794e+00,-3.571428571428571175e+00
9.312499999999999944e-02,-1.999484528421493046e+00,-2.142857142857142794e+00,-2.142857142857142794e+00
9.343750000000000666e-02,1.708264983361885703e+00,2.142857142857143238e+00,7.142857142857144126e-01
9.375000000000000000e-02,2.562263859468350446e+00,2.142857142857143238e+00,2.142857142857143238e+00
9.406250000000000722e-02,4.889662901177631582e-01,7.142857142857144126e-01,7.142857142857144126e-01
9.437500000000000056e-02,1.080195274534606398e+00,7.142857142857144126e-01,7.142857142857144126e-01
9.468750000000000777e-02,4.285034569569782015e+00,3.571428571428571175e+00,5.000000000000000000e+00
9.500000000000000111e-02,4.414213562373044297e+00,5.000000000000000000e+00,5.000000000000000000e+00
9.531250000000000833e-02,1.456607444823401432e+00,2.142857142857143238e+00,2.142857142857143238e+00
9.562500000000000167e-02,1.080195274534581751e+00,7.142857142857144126e-01,7.142857142857144126e-01
9.593750000000000888e-02,3.317393414864142187e+00,3.571428571428571175e+00,3.571428571428571175e+00
9.625000000000000222e-02,2.562263859468340677e+00,2.142857142857143238e+00,3.571428571428571175e+00
9.656249999999999556e-02,-1.120162141384394516e+00,-7.142857142857144126e-01,-2.142857142857142794e+00
9.687500000000000278e-02,-1.999484528421372032e+00,-2.142857142857142794e+00,-2.142857142857142794e+00
9.718749999999999611e-02,2.335189511293300768e-05,7.142857142857144126e-01,-7.142857142857144126e-01
9.750000000000000333e-02,-7.071067811866116326e-01,-7.142857142857144126e-01,-7.142857142857144126e-01
9.781249999999999667e-02,-4.059977355418121547e+00,-3.571428571428571175e+00,-3.571428571428571175e+00
9.812500000000000389e-02,-4.356569403582733813e+00,-5.000000000000000000e+00,-3.571428571428571175e+00
9.843749999999999722e-02,-1.571340617643451454e+00,-2.142857142857142794e+00,-7.142857142857144126e-01
9.875000000000000444e-02,-1.357425035160812143e+00,-7.142857142857144126e-01,-2.142857142857142794e+00
9.906249999999999778e-02,-3.733244922461345539e+00,-3.571428571428571175e+00,-3.571428571428571175e+00
9.937500000000000500e-02,-3.080924261431801980e+00,-3.571428571428571175e+00,-3.571428571428571175e+00
9.968749999999999833e-02,5.433595306096861144e-01,7.142857142857144126e-01,7.142857142857144126e-01
1.000000000000000056e-01,1.414213562373016320e+00,7.142857142857144126e-01,2.142857142857143238e+00
1.003124999999999989e-01,-5.433595306097327438e-01,-7.142857142857144126e-01,-7.142857142857144126e-01
1.006250000000000061e-01,2.524971366857713395e-01,7.142857142857144126e-01,7.142857142857144126e-01
1.009374999999999994e-01,3.733244922461365967e+00,3.571428571428571175e+00,3.571428571428571175e+00
1.012500000000000067e-01,4.185852159906896297e+00,3.571428571428571175e+00,5.000000000000000000e+00
1.015625000000000000e-01,1.571340617643445015e+00,2.142857142857143238e+00,2.142857142857143238e+00
1.018750000000000072e-01,1.528142278836636780e+00,2.142857142857143238e+00,2.142857142857143238e+00
1.021875000000000006e-01,4.059977355418125100e+00,3.571428571428571175e+00,3.571428571428571175e+00
1.025000000000000078e-01,3.535533905932719545e+00,3.571428571428571175e+00,3.571428571428571175e+00
1.028125000000000011e-01,-2.335189503654966359e-05,-7.142857142857144126e-01,-7.142857142857144126e-01
1.031250000000000083e-01,-8.289425963246986884e-01,-7.142857142857144126e-01,-7.142857142857144126e-01
1.034375000000000017e-01,1.120162141384329235e+00,7.142857142857144126e-01,2.142857142857143238e+00
1.037500000000000089e-01,2.661632652778129771e-01,7.142857142857144126e-01,-7.142857142857144126e-01
1.040625000000000022e-01,-3.317393414863926360e+00,-3.571428571428571175e+00,-3.571428571428571175e+00
1.043749999999999956e-01,-3.908622399280742510e+00,-3.571428571428571175e+00,-5.000000000000000000e+00
1.046875000000000028e-01,-1.456607444823475817e+00,-2.142857142857142794e+00,-2.142857142857142794e+00
1.049999999999999961e-01,-1.585786437626871992e+00,-2.142857142857142794e+00,-7.142857142857144126e-01
1.053125000000000033e-01,-4.285034569569758034e+00,-3.571428571428571175e+00,-3.571428571428571175e+00
1.056249999999999967e-01,-3.908622399280791804e+00,-3.571428571428571175e+00,-3.571428571428571175e+00
1.059375000000000039e-01,-4.889662901178288834e-01,-7.142857142857144126e-01,-7.142857142857144126e-01
1.062499999999999972e-01,2.661632652778820329e-01,7.142857142857144126e-01,7.142857142857144126e-01
1.065625000000000044e-01,-1.708264983361786449e+00,-2.142857142857142794e+00,-2.142857142857142794e+00
1.068749999999999978e-01,-8.289425963248233664e-01,-7.142857142857144126e-01,-7.142857142857144126e-01
1.071875000000000050e-01,2.828403772851095344e+00,2.142857142857143238e+00,2.142857142857143238e+00
1.074999999999999983e-01,3.535533905932817689e+00,3.571428571428571175e+00,3.571428571428571175e+00
1.078125000000000056e-01,1.231550230671985657e+00,7.142857142857144126e-01,7.142857142857144126e-01
1.081249999999999989e-01,1.528142278836486234e+00,2.142857142857143238e+00,2.142857142857143238e+00
1.084375000000000061e-01,4.399767742389649072e+00,5.000000000000000000e+00,3.571428571428571175e+00
1.087499999999999994e-01,4.185852159906930936e+00,3.571428571428571175e+00,3.571428571428571175e+00
1.090625000000000067e-01,9.048177977151556917e-01,7.142857142857144126e-01,7.142857142857144126e-01
1.093750000000000000e-01,2.524971366857464705e-01,7.142857142857144126e-01,7.142857142857144126e-01
1.096875000000000072e-01,2.285067594136423796e+00,2.142857142857143238e+00,2.142857142857143238e+00
1.100000000000000006e-01,1.414213562373090705e+00,7.142857142857144126e-01,2.142857142857143238e+00
1.103125000000000078e-01,-2.285067594136566793e+00,-2.142857142857142794e+00,-2.142857142857142794e+00
1.106250000000000011e-01,-3.080924261431887246e+00,-3.571428571428571175e+00,-3.571428571428571175e+00
1.109375000000000083e-01,-9.048177977150659856e-01,-7.142857142857144126e-01,-7.142857142857144126e-01
1.112500000000000017e-01,-1.357425035160735538e+00,-7.142857142857144126e-01,-2.142857142857142794e+00
1.115625000000000089e-01,-4.399767742389733449e+00,-5.000000000000000000e+00,-3.571428571428571175e+00
1.118750000000000022e-01,-4.356569403582826183e+00,-5.000000000000000000e+00,-3.571428571428571175e+00
1.121874999999999956e-01,-1.231550230672113555e+00,-7.142857142857144126e-01,-7.142857142857144126e-01
1.125000000000000028e-01,-7.071067811865106023e-01,-7.142857142857144126e-01,-7.142857142857144126e-01
1.128124999999999961e-01,-2.828403772850960785e+00,-2.142857142857142794e+00,-2.142857142857142794e+00
1.131250000000000033e-01,-1.999484528421560325e+00,-2.142857142857142794e+00,-2.142857142857142794e+00
1.134374999999999967e-01,1.708264983361734046e+00,2.142857142857143238e+00,2.142857142857143238e+00
1.137500000000000039e-01,2.562263859468454363e+00,2.142857142857143238e+00,3.571428571428571175e+00
1.140624999999999972e-01,4.889662901178308818e-01,7.142857142857144126e-01,7.142857142857144126e-01
1.143750000000000044e-01,1.080195274534587968e+00,7.142857142857144126e-01,2.142857142857143238e+00
1.146874999999999978e-01,4.285034569569688756e+00,3.571428571428571175e+00,5.000000000000000000e+00
1.150000000000000050e-01,4.414213562373050515e+00,5.000000000000000000e+00,3.571428571428571175e+00
1.153124999999999983e-01,1.456607444823586839e+00,2.142857142857143238e+00,7.142857142857144126e-01
1.156250000000000056e-01,1.080195274534565542e+00,7.142857142857144126e-01,7.142857142857144126e-01
1.159374999999999989e-01,3.317393414863993861e+00,3.571428571428571175e+00,2.142857142857143238e+00
1.162500000000000061e-01,2.562263859468368210e+00,2.142857142857143238e+00,2.142857142857143238e+00
1.165624999999999994e-01,-1.120162141384327681e+00,-7.142857142857144126e-01,-7.142857142857144126e-01
1.168750000000000067e-01,-1.999484528421476615e+00,-2.142857142857142794e+00,-2.142857142857142794e+00
1.171875000000000000e-01,2.335189504787393844e-05,7.142857142857144126e-01,-7.142857142857144126e-01
1.175000000000000072e-01,-7.071067811865390240e-01,-7.142857142857144126e-01,-7.142857142857144126e-01
1.178125000000000006e-01,-4.059977355418044276e+00,-3.571428571428571175e+00,-5.000000000000000000e+00
1.181250000000000078e-01,-4.356569403582814637e+00,-5.000000000000000000e+00,-3.571428571428571175e+00
1.184375000000000011e-01,-1.571340617643455007e+00,-2.142857142857142794e+00,-2.142857142857142794e+00
1.187500000000000083e-01,-1.357425035160718663e+00,-7.142857142857144126e-01,-2.142857142857142794e+00
1.190625000000000017e-01,-3.733244922461327775e+00,-3.571428571428571175e+00,-3.571428571428571175e+00
1.193750000000000089e-01,-3.080924261431791322e+00,-3.571428571428571175e+00,-3.571428571428571175e+00
1.196875000000000022e-01,5.433595306096987709e-01,7.142857142857144126e-01,7.142857142857144126e-01
1.199999999999999956e-01,1.414213562373159094e+00,7.142857142857144126e-01,2.142857142857143238e+00
1.203125000000000028e-01,-5.433595306097089850e-01,-7.142857142857144126e-01,-7.142857142857144126e-01
1.206249999999999961e-01,2.524971366855852661e-01,7.142857142857144126e-01,-7.142857142857144126e-01
1.209375000000000033e-01,3.733244922461292248e+00,3.571428571428571175e+00,3.571428571428571175e+00
1.212499999999999967e-01,4.185852159907053505e+00,3.571428571428571175e+00,5.000000000000000000e+00
1.215625000000000039e-01,1.571340617643528725e+00,2.142857142857143238e+00,2.142857142857143238e+00
1.218749999999999972e-01,1.528142278836475132e+00,2.142857142857143238e+00,2.142857142857143238e+00
1.221875000000000044e-01,4.059977355418110889e+00,3.571428571428571175e+00,3.571428571428571175e+00
1.224999999999999978e-01,3.535533905932741305e+00,3.571428571428571175e+00,3.571428571428571175e+00
1.228125000000000050e-01,-2.335189504809598304e-05,-7.142857142857144126e-01,7.142857142857144126e-01
1.231249999999999983e-01,-8.289425963246811468e-01,-7.142857142857144126e-01,-7.142857142857144126e-01
1.234375000000000056e-01,1.120162141384507759e+00,7.142857142857144126e-01,2.142857142857143238e+00
1.237499999999999989e-01,2.661632652778400665e-01,7.142857142857144126e-01,7.142857142857144126e-01
1.240625000000000061e-01,-3.317393414864096890e+00,-3.571428571428571175e+00,-3.571428571428571175e+00
1.243749999999999994e-01,-3.908622399280734960e+00,-3.571428571428571175e+00,-3.571428571428571175e+00
1.246875000000000067e-01,-1.456607444823486475e+00,-2.142857142857142794e+00,-7.142857142857144126e-01
1.250000000000000000e-01,-1.585786437626866441e+00,-2.142857142857142794e+00,-2.142857142857142794e+00
1.253124999999999933e-01,-4.285034569569611484e+00,-3.571428571428571175e+00,-3.571428571428571175e+00
1.256250000000000144e-01,-3.908622399280602178e+00,-3.571428571428571175e+00,-3.571428571428571175e+00
1.259375000000000078e-01,-4.889662901178195575e-01,-7.142857142857144126e-01,-7.142857142857144126e-01
1.262500000000000011e-01,2.661632652778658237e-01,7.142857142857144126e-01,7.142857142857144126e-01
1.265624999999999944e-01,-1.708264983361643452e+00,-2.142857142857142794e+00,-7.142857142857144126e-01
1.268750000000000155e-01,-8.289425963246075391e-01,-7.142857142857144126e-01,-7.142857142857144126e-01
1.271875000000000089e-01,2.828403772851069142e+00,2.142857142857143238e+00,2.142857142857143238e+00
1.275000000000000022e-01,3.535533905932836340e+00,3.571428571428571175e+00,3.571428571428571175e+00
1.278124999999999956e-01,1.231550230671979662e+00,7.142857142857144126e-01,7.142857142857144126e-01
1.281249999999999889e-01,1.528142278836467804e+00,2.142857142857143238e+00,7.142857142857144126e-01
1.284375000000000100e-01,4.399767742389641967e+00,5.000000000000000000e+00,5.000000000000000000e+00
1.287500000000000033e-01,4.185852159906929160e+00,3.571428571428571175e+00,5.000000000000000000e+00
1.290624999999999967e-01,9.048177977152034313e-01,7.142857142857144126e-01,7.142857142857144126e-01
1.293749999999999900e-01,2.524971366856001431e-01,7.142857142857144126e-01,7.142857142857144126e-01
1.296875000000000111e-01,2.285067594136561020e+00,2.142857142857143238e+00,2.142857142857143238e+00
1.300000000000000044e-01,1.414213562373119792e+00,7.142857142857144126e-01,7.142857142857144126e-01
1.303124999999999978e-01,-2.285067594136378055e+00,-2.142857142857142794e+00,-2.142857142857142794e+00
1.306249999999999911e-01,-3.080924261432033795e+00,-3.571428571428571175e+00,-2.142857142857142794e+00
1.309375000000000122e-01,-9.048177977150568818e-01,-7.142857142857144126e-01,-7.142857142857144126e-01
1.312500000000000056e-01,-1.357425035160737536e+00,-7.142857142857144126e-01,-7.142857142857144126e-01
1.315624999999999989e-01,-4.399767742389564695e+00,-5.000000000000000000e+00,-3.571428571428571175e+00
1.318749999999999922e-01,-4.356569403582835953e+00,-5.000000000000000000e+00,-5.000000000000000000e+00
1.321875000000000133e-01,-1.231550230671929480e+00,-7.142857142857144126e-01,-7.142857142857144126e-01
1.325000000000000067e-01,-7.071067811864917285e-01,-7.142857142857144126e-01,-7.142857142857144126e-01
1.328125000000000000e-01,-2.828403772851099340e+00,-2.142857142857142794e+00,-2.142857142857142794e+00
1.331249999999999933e-01,-1.999484528421588969e+00,-2.142857142857142794e+00,-2.142857142857142794e+00
1.334375000000000144e-01,1.708264983361790001e+00,2.142857142857143238e+00,2.142857142857143238e+00
1.337500000000000078e-01,2.562263859468277616e+00,2.142857142857143238e+00,2.142857142857143238e+00
1.340625000000000011e-01,4.889662901178510879e-01,7.142857142857144126e-01,-7.142857142857144126e-01
1.343749999999999944e-01,1.080195274534408334e+00,7.142857142857144126e-01,7.142857142857144126e-01
1.346875000000000155e-01,4.285034569569849516e+00,3.571428571428571175e+00,5.000000000000000000e+00
1.350000000000000089e-01,4.414213562373055844e+00,5.000000000000000000e+00,5.000000000000000000e+00
1.353125000000000022e-01,1.456607444823587061e+00,2.142857142857143238e+00,7.142857142857144126e-01
1.356249999999999956e-01,1.080195274534412553e+00,7.142857142857144126e-01,7.142857142857144126e-01
1.359375000000000167e-01,3.317393414864134638e+00,3.571428571428571175e+00,3.571428571428571175e+00
1.362500000000000100e-01,2.562263859468356220e+00,2.142857142857143238e+00,2.142857142857143238e+00
1.365625000000000033e-01,-1.120162141384341226e+00,-7.142857142857144126e-01,-7.142857142857144126e-01
1.368749999999999967e-01,-1.999484528421417329e+00,-2.142857142857142794e+00,-2.142857142857142794e+00
1.371874999999999900e-01,2.335189506297297157e-05,7.142857142857144126e-01,-7.142857142857144126e-01
1.375000000000000111e-01,-7.071067811865467956e-01,-7.142857142857144126e-01,-7.142857142857144126e-01
1.378125000000000044e-01,-4.059977355418189049e+00,-3.571428571428571175e+00,-3.571428571428571175e+00
1.381249999999999978e-01,-4.356569403582815525e+00,-5.000000000000000000e+00,-5.000000000000000000e+00
1.384374999999999911e-01,-1.571340617643623760e+00,-2.142857142857142794e+00,-2.142857142857142794e+00
1.387500000000000122e-01,-1.357425035160883198e+00,-7.142857142857144126e-01,-7.142857142857144126e-01
1.390625000000000056e-01,-3.733244922461337545e+00,-3.571428571428571175e+00,-3.571428571428571175e+00
1.393749999999999989e-01,-3.080924261431976952e+00,-3.571428571428571175e+00,-2.142857142857142794e+00
1.396874999999999922e-01,5.433595306095506672e-01,7.142857142857144126e-01,7.142857142857144126e-01
1.400000000000000133e-01,1.414213562373022981e+00,7.142857142857144126e-01,7.142857142857144126e-01
1.403125000000000067e-01,-5.433595306096852262e-01,-7.142857142857144126e-01,-7.142857142857144126e-01
1.406250000000000000e-01,2.524971366856312294e-01,7.142857142857144126e-01,7.142857142857144126e-01
1.409374999999999933e-01,3.733244922461245174e+00,3.571428571428571175e+00,3.571428571428571175e+00
1.412500000000000144e-01,4.185852159906922054e+00,3.571428571428571175e+00,3.571428571428571175e+00
1.415625000000000078e-01,1.571340617643532056e+00,2.142857142857143238e+00,2.142857142857143238e+00
1.418750000000000011e-01,1.528142278836635226e+00,2.142857142857143238e+00,7.142857142857144126e-01
1.421874999999999944e-01,4.059977355418116218e+00,3.571428571428571175e+00,3.571428571428571175e+00
1.425000000000000155e-01,3.535533905932733756e+00,3.571428571428571175e+00,2.142857142857143238e+00
1.428125000000000089e-01,-2.335189518243296902e-05,-7.142857142857144126e-01,-7.142857142857144126e-01
1.431250000000000022e-01,-8.289425963247055718e-01,-7.142857142857144126e-01,-2.142857142857142794e+00
1.434374999999999956e-01,1.120162141384322574e+00,7.142857142857144126e-01,7.142857142857144126e-01
1.437500000000000167e-01,2.661632652776673158e-01,7.142857142857144126e-01,-7.142857142857144126e-01
1.440625000000000100e-01,-3.317393414864105772e+00,-3.571428571428571175e+00,-3.571428571428571175e+00
1.443750000000000033e-01,-3.908622399280774928e+00,-3.571428571428571175e+00,-3.571428571428571175e+00
1.446874999999999967e-01,-1.456607444823633690e+00,-2.142857142857142794e+00,-7.142857142857144126e-01
1.449999999999999900e-01,-1.585786437626860890e+00,-2.142857142857142794e+00,-7.142857142857144126e-01
1.453125000000000111e-01,-4.285034569569735829e+00,-3.571428571428571175e+00,-5.000000000000000000e+00
1.456250000000000044e-01,-3.908622399280805126e+00,-3.571428571428571175e+00,-3.571428571428571175e+00
1.459374999999999978e-01,-4.889662901178433163e-01,-7.142857142857144126e-01,7.142857142857144126e-01
1.462499999999999911e-01,2.661632652778891384e-01,7.142857142857144126e-01,-7.142857142857144126e-01
1.465625000000000122e-01,-1.708264983361779565e+00,-2.142857142857142794e+00,-7.142857142857144126e-01
1.468750000000000056e-01,-8.289425963246361828e-01,-7.142857142857144126e-01,-2.142857142857142794e+00
1.471874999999999989e-01,2.828403772851080689e+00,2.142857142857143238e+00,3.571428571428571175e+00
1.474999999999999922e-01,3.535533905932795484e+00,3.571428571428571175e+00,3.571428571428571175e+00
1.478125000000000133e-01,1.231550230671853541e+00,7.142857142857144126e-01,2.142857142857143238e+00
1.481250000000000067e-01,1.528142278836643442e+00,2.142857142857143238e+00,2.142857142857143238e+00
1.484375000000000000e-01,4.399767742389642855e+00,5.000000000000000000e+00,5.000000000000000000e+00
1.487499999999999933e-01,4.185852159907105019e+00,3.571428571428571175e+00,3.571428571428571175e+00
1.490625000000000144e-01,9.048177977149820528e-01,7.142857142857144126e-01,7.142857142857144126e-01
1.493750000000000078e-01,2.524971366857393651e-01,7.142857142857144126e-01,7.142857142857144126e-01
1.496875000000000011e-01,2.285067594136417135e+00,2.142857142857143238e+00,2.142857142857143238e+00
1.499999999999999944e-01,1.414213562373106026e+00,7.142857142857144126e-01,2.142857142857143238e+00
1.503125000000000155e-01,-2.285067594136551250e+00,-2.142857142857142794e+00,-2.142857142857142794e+00
1.506250000000000089e-01,-3.080924261431929878e+00,-3.571428571428571175e+00,-3.571428571428571175e+00
1.509375000000000022e-01,-9.048177977150744233e-01,-7.142857142857144126e-01,-7.142857142857144126e-01
1.512499999999999956e-01,-1.357425035160706228e+00,-7.142857142857144126e-01,-7.142857142857144126e-01
1.515625000000000167e-01,-4.399767742389725456e+00,-5.000000000000000000e+00,-3.571428571428571175e+00
1.518750000000000100e-01,-4.356569403582668976e+00,-5.000000000000000000e+00,-5.000000000000000000e+00
1.521875000000000033e-01,-1.231550230671965673e+00,-7.142857142857144126e-01,-2.142857142857142794e+00
1.524999999999999967e-01,-7.071067811865023867e-01,-7.142857142857144126e-01,-7.142857142857144126e-01
1.528124999999999900e-01,-2.828403772850953679e+00,-2.142857142857142794e+00,-2.142857142857142794e+00
1.531250000000000111e-01,-1.999484528421415108e+00,-2.142857142857142794e+00,-2.142857142857142794e+00
1.534375000000000044e-01,1.708264983361761136e+00,2.142857142857143238e+00,2.142857142857143238e+00
1.537499999999999978e-01,2.562263859468461469e+00,2.142857142857143238e+00,2.142857142857143238e+00
1.540624999999999911e-01,4.889662901178055687e-01,7.142857142857144126e-01,7.142857142857144126e-01
1.543750000000000122e-01,1.080195274534598182e+00,7.142857142857144126e-01,7.142857142857144126e-01
1.546875000000000056e-01,4.285034569569688756e+00,3.571428571428571175e+00,3.571428571428571175e+00
1.549999999999999989e-01,4.414213562373061173e+00,5.000000000000000000e+00,5.000000000000000000e+00
1.553124999999999922e-01,1.456607444823599273e+00,2.142857142857143238e+00,7.142857142857144126e-01
1.556250000000000133e-01,1.080195274534533123e+00,7.142857142857144126e-01,2.142857142857143238e+00
1.559375000000000067e-01,3.317393414863985868e+00,3.571428571428571175e+00,3.571428571428571175e+00
1.562500000000000000e-01,2.562263859468383309e+00,2.142857142857143238e+00,2.142857142857143238e+00
1.565624999999999933e-01,-1.120162141384312138e+00,-7.142857142857144126e-01,-7.142857142857144126e-01
1.568750000000000144e-01,-1.999484528421483498e+00,-2.142857142857142794e+00,-2.142857142857142794e+00
1.571875000000000078e-01,2.335189516378122221e-05,7.142857142857144126e-01,7.142857142857144126e-01
1.575000000000000011e-01,-7.071067811865248132e-01,-7.142857142857144126e-01,-7.142857142857144126e-01
1.578124999999999944e-01,-4.059977355418011413e+00,-3.571428571428571175e+00,-5.000000000000000000e+00
1.581250000000000155e-01,-4.356569403582672528e+00,-5.000000000000000000e+00,-3.571428571428571175e+00
1.584375000000000089e-01,-1.571340617643462556e+00,-2.142857142857142794e+00,-7.142857142857144126e-01
1.587500000000000022e-01,-1.357425035160725768e+00,-7.142857142857144126e-01,-7.142857142857144126e-01
1.590624999999999956e-01,-3.733244922461185666e+00,-3.571428571428571175e+00,-3.571428571428571175e+00
1.593750000000000167e-01,-3.080924261431770894e+00,-3.571428571428571175e+00,-3.571428571428571175e+00
1.596875000000000100e-01,5.433595306096834499e-01,7.142857142857144126e-01,7.142857142857144126e-01
1.600000000000000033e-01,1.414213562373165756e+00,7.142857142857144126e-01,2.142857142857143238e+00
1.603124999999999967e-01,-5.433595306097021016e-01,-7.142857142857144126e-01,-7.142857142857144126e-01
1.606249999999999900e-01,2.524971366855353061e-01,7.142857142857144126e-01,-7.142857142857144126e-01
1.609375000000000111e-01,3.733244922461278481e+00,3.571428571428571175e+00,3.571428571428571175e+00
1.612500000000000044e-01,4.185852159906918502e+00,3.571428571428571175e+00,3.571428571428571175e+00
1.615624999999999978e-01,1.571340617643535387e+00,2.142857142857143238e+00,2.142857142857143238e+00
1.618749999999999911e-01,1.528142278836473578e+00,2.142857142857143238e+00,2.142857142857143238e+00
1.621875000000000122e-01,4.059977355418242340e+00,3.571428571428571175e+00,3.571428571428571175e+00
1.625000000000000056e-01,3.535533905932755516e+00,3.571428571428571175e+00,3.571428571428571175e+00
1.628124999999999989e-01,-2.335189499524936707e-05,-7.142857142857144126e-01,-7.142857142857144126e-01
1.631249999999999922e-01,-8.289425963248487905e-01,-7.142857142857144126e-01,-7.142857142857144126e-01
1.634375000000000133e-01,1.120162141384501098e+00,7.142857142857144126e-01,2.142857142857143238e+00
1.637500000000000067e-01,2.661632652778551655e-01,7.142857142857144126e-01,7.142857142857144126e-01
1.640625000000000000e-01,-3.317393414863921475e+00,-3.571428571428571175e+00,-3.571428571428571175e+00
1.643749999999999933e-01,-3.908622399280719861e+00,-3.571428571428571175e+00,-3.571428571428571175e+00
1.646875000000000144e-01,-1.456607444823496245e+00,-2.142857142857142794e+00,-2.142857142857142794e+00
1.650000000000000078e-01,-1.585786437626855339e+00,-2.142857142857142794e+00,-2.142857142857142794e+00
1.653125000000000011e-01,-4.285034569569761587e+00,-3.571428571428571175e+00,-3.571428571428571175e+00
1.656249999999999944e-01,-3.908622399280823778e+00,-3.571428571428571175e+00,-3.571428571428571175e+00
1.659375000000000155e-01,-4.889662901178013499e-01,-7.142857142857144126e-01,7.142857142857144126e-01
1.662500000000000089e-01,2.661632652777119468e-01,7.142857142857144126e-01,7.142857142857144126e-01
1.665625000000000022e-01,-1.708264983361797551e+00,-2.142857142857142794e+00,-2.142857142857142794e+00
1.668749999999999956e-01,-8.289425963248255869e-01,-7.142857142857144126e-01,-7.142857142857144126e-01
1.671875000000000167e-01,2.828403772851214804e+00,2.142857142857143238e+00,3.571428571428571175e+00
1.675000000000000100e-01,3.535533905932684018e+00,3.571428571428571175e+00,3.571428571428571175e+00
1.678125000000000033e-01,1.231550230672008750e+00,7.142857142857144126e-01,7.142857142857144126e-01
1.681249999999999967e-01,1.528142278836455814e+00,2.142857142857143238e+00,2.142857142857143238e+00
1.684374999999999900e-01,4.399767742389639302e+00,5.000000000000000000e+00,3.571428571428571175e+00
1.687500000000000111e-01,4.185852159906925607e+00,3.571428571428571175e+00,5.000000000000000000e+00
1.690625000000000044e-01,9.048177977152171980e-01,7.142857142857144126e-01,7.142857142857144126e-01
1.693749999999999978e-01,2.524971366857533539e-01,7.142857142857144126e-01,-7.142857142857144126e-01
1.696874999999999911e-01,2.285067594136434010e+00,2.142857142857143238e+00,2.142857142857143238e+00
1.700000000000000122e-01,1.414213562373135114e+00,7.142857142857144126e-01,2.142857142857143238e+00
1.703125000000000056e-01,-2.285067594136523716e+00,-2.142857142857142794e+00,-2.142857142857142794e+00
1.706249999999999989e-01,-3.080924261431916111e+00,-3.571428571428571175e+00,-3.571428571428571175e+00
1.709374999999999922e-01,-9.048177977152256357e-01,-7.142857142857144126e-01,-7.142857142857144126e-01
1.712500000000000133e-01,-1.357425035160884974e+00,-7.142857142857144126e-01,-7.142857142857144126e-01
1.715625000000000067e-01,-4.399767742389718350e+00,-5.000000000000000000e+00,-3.571428571428571175e+00
1.718750000000000000e-01,-4.356569403582856381e+00,-5.000000000000000000e+00,-5.000000000000000000e+00
1.721874999999999933e-01,-1.231550230672143531e+00,-7.142857142857144126e-01,-7.142857142857144126e-01
1.725000000000000144e-01,-7.071067811866145192e-01,-7.142857142857144126e-01,-7.142857142857144126e-01
1.728125000000000078e-01,-2.828403772851129538e+00,-2.142857142857142794e+00,-2.142857142857142794e+00
1.731250000000000011e-01,-1.999484528421604512e+00,-2.142857142857142794e+00,-2.142857142857142794e+00
1.734374999999999944e-01,1.708264983361732048e+00,2.142857142857143238e+00,2.142857142857143238e+00
1.737500000000000155e-01,2.562263859468284721e+00,2.142857142857143238e+00,2.142857142857143238e+00
1.740625000000000089e-01,4.889662901178588594e-01,7.142857142857144126e-01,-7.142857142857144126e-01
1.743750000000000022e-01,1.080195274534579308e+00,7.142857142857144126e-01,2.142857142857143238e+00
1.746874999999999956e-01,4.285034569569677210e+00,3.571428571428571175e+00,5.000000000000000000e+00
1.750000000000000167e-01,4.414213562373067390e+00,5.000000000000000000e+00,5.000000000000000000e+00
1.753125000000000100e-01,1.456607444823426301e+00,2.142857142857143238e+00,7.142857142857144126e-01
1.756250000000000033e-01,1.080195274534540895e+00,7.142857142857144126e-01,7.142857142857144126e-01
1.759374999999999967e-01,3.317393414863999190e+00,3.571428571428571175e+00,2.142857142857143238e+00
1.762499999999999900e-01,2.562263859468571603e+00,2.142857142857143238e+00,2.142857142857143238e+00
1.765625000000000111e-01,-1.120162141384529075e+00,-7.142857142857144126e-01,-7.142857142857144126e-01
1.768750000000000044e-01,-1.999484528421465956e+00,-2.142857142857142794e+00,-2.142857142857142794e+00
1.771874999999999978e-01,2.335189501811996138e-05,7.142857142857144126e-01,-7.142857142857144126e-01
1.774999999999999911e-01,-7.071067811865028307e-01,-7.142857142857144126e-01,-7.142857142857144126e-01
1.778125000000000122e-01,-4.059977355418196154e+00,-3.571428571428571175e+00,-3.571428571428571175e+00
1.781250000000000056e-01,-4.356569403582834177e+00,-5.000000000000000000e+00,-5.000000000000000000e+00
1.784374999999999989e-01,-1.571340617643470328e+00,-2.142857142857142794e+00,-7.142857142857144126e-01
1.787499999999999922e-01,-1.357425035160729543e+00,-7.142857142857144126e-01,-2.142857142857142794e+00
1.790625000000000133e-01,-3.733244922461302018e+00,-3.571428571428571175e+00,-3.571428571428571175e+00
1.793750000000000067e-01,-3.080924261431795763e+00,-3.571428571428571175e+00,-2.142857142857142794e+00
1.796875000000000000e-01,5.433595306096553612e-01,7.142857142857144126e-01,7.142857142857144126e-01
1.799999999999999933e-01,1.414213562373147770e+00,7.142857142857144126e-01,7.142857142857144126e-01
1.803125000000000144e-01,-5.433595306097982469e-01,-7.142857142857144126e-01,7.142857142857144126e-01
1.806250000000000078e-01,2.524971366857418076e-01,7.142857142857144126e-01,7.142857142857144126e-01
1.809375000000000011e-01,3.733244922461257609e+00,3.571428571428571175e+00,3.571428571428571175e+00
1.812499999999999944e-01,4.185852159907075709e+00,3.571428571428571175e+00,3.571428571428571175e+00
1.815625000000000155e-01,1.571340617643386395e+00,2.142857142857143238e+00,2.142857142857143238e+00
1.818750000000000089e-01,1.528142278836616574e+00,2.142857142857143238e+00,2.142857142857143238e+00
1.821875000000000022e-01,4.059977355418087797e+00,3.571428571428571175e+00,3.571428571428571175e+00
1.824999999999999956e-01,3.535533905932777721e+00,3.571428571428571175e+00,3.571428571428571175e+00
1.828125000000000167e-01,-2.335189520485947412e-05,-7.142857142857144126e-01,-7.142857142857144126e-01
1.831250000000000100e-01,-8.289425963247540885e-01,-7.142857142857144126e-01,-2.142857142857142794e+00
1.834375000000000033e-01,1.120162141384518861e+00,7.142857142857144126e-01,7.142857142857144126e-01
1.837499999999999967e-01,2.661632652778824770e-01,7.142857142857144126e-01,-7.142857142857144126e-01
1.840624999999999900e-01,-3.317393414863897938e+00,-3.571428571428571175e+00,-3.571428571428571175e+00
1.843750000000000111e-01,-3.908622399280599069e+00,-3.571428571428571175e+00,-5.000000000000000000e+00
1.846875000000000044e-01,-1.456607444823495134e+00,-2.142857142857142794e+00,-7.142857142857144126e-01
1.849999999999999978e-01,-1.585786437626849787e+00,-2.142857142857142794e+00,-2.142857142857142794e+00
1.853124999999999911e-01,-4.285034569569602603e+00,-3.571428571428571175e+00,-5.000000000000000000e+00
1.856250000000000122e-01,-3.908622399280634596e+00,-3.571428571428571175e+00,-3.571428571428571175e+00
1.859375000000000056e-01,-4.889662901178244425e-01,-7.142857142857144126e-01,-7.142857142857144126e-01
1.862499999999999989e-01,2.661632652778567198e-01,7.142857142857144126e-01,7.142857142857144126e-01
1.865624999999999922e-01,-1.708264983361815315e+00,-2.142857142857142794e+00,-2.142857142857142794e+00
1.868750000000000133e-01,-8.289425963246097595e-01,-7.142857142857144126e-01,-7.142857142857144126e-01
1.871875000000000067e-01,2.828403772851027842e+00,2.142857142857143238e+00,2.142857142857143238e+00
1.875000000000000000e-01,3.535533905932833676e+00,3.571428571428571175e+00,3.571428571428571175e+00
1.878124999999999933e-01,1.231550230672003199e+00,7.142857142857144126e-01,7.142857142857144126e-01
1.881250000000000144e-01,1.528142278836623014e+00,2.142857142857143238e+00,7.142857142857144126e-01
1.884375000000000078e-01,4.399767742389627756e+00,5.000000000000000000e+00,3.571428571428571175e+00
1.887500000000000011e-01,4.185852159906939818e+00,3.571428571428571175e+00,3.571428571428571175e+00
1.890624999999999944e-01,9.048177977152378482e-01,7.142857142857144126e-01,7.142857142857144126e-01
1.893750000000000155e-01,2.524971366856965105e-01,7.142857142857144126e-01,-7.142857142857144126e-01
1.896875000000000089e-01,2.285067594136530378e+00,2.142857142857143238e+00,2.142857142857143238e+00
1.900000000000000022e-01,1.414213562373164201e+00,7.142857142857144126e-01,7.142857142857144126e-01
1.903124999999999956e-01,-2.285067594136334534e+00,-2.142857142857142794e+00,-2.142857142857142794e+00
1.906250000000000167e-01,-3.080924261431811750e+00,-3.571428571428571175e+00,-3.571428571428571175e+00
1.909375000000000100e-01,-9.048177977150555495e-01,-7.142857142857144126e-01,-7.142857142857144126e-01
1.912500000000000033e-01,-1.357425035160709781e+00,-7.142857142857144126e-01,-7.142857142857144126e-01
1.915624999999999967e-01,-4.399767742389549596e+00,-5.000000000000000000e+00,-5.000000000000000000e+00
1.918750000000000178e-01,-4.356569403582689404e+00,-5.000000000000000000e+00,-3.571428571428571175e+00
1.921875000000000111e-01,-1.231550230671959012e+00,-7.142857142857144126e-01,-7.142857142857144126e-01
1.925000000000000044e-01,-7.071067811864648611e-01,-7.142857142857144126e-01,-7.142857142857144126e-01
1.928124999999999978e-01,-2.828403772851144637e+00,-2.142857142857142794e+00,-3.571428571428571175e+00
1.931249999999999911e-01,-1.999484528421632934e+00,-2.142857142857142794e+00,-2.142857142857142794e+00
1.934375000000000122e-01,1.708264983361788003e+00,2.142857142857143238e+00,2.142857142857143238e+00
1.937500000000000056e-01,2.562263859468268290e+00,2.142857142857143238e+00,2.142857142857143238e+00
1.940624999999999989e-01,4.889662901178464249e-01,7.142857142857144126e-01,7.142857142857144126e-01
1.943749999999999922e-01,1.080195274534400340e+00,7.142857142857144126e-01,7.142857142857144126e-01
1.946875000000000133e-01,4.285034569569825535e+00,3.571428571428571175e+00,3.571428571428571175e+00
1.950000000000000067e-01,4.414213562373072719e+00,5.000000000000000000e+00,5.000000000000000000e+00
1.953125000000000000e-01,1.456607444823599717e+00,2.142857142857143238e+00,7.142857142857144126e-01
1.956249999999999933e-01,1.080195274534434979e+00,7.142857142857144126e-01,7.142857142857144126e-01
1.959375000000000144e-01,3.317393414864106660e+00,3.571428571428571175e+00,3.571428571428571175e+00
1.962500000000000078e-01,2.562263859468358884e+00,2.142857142857143238e+00,2.142857142857143238e+00
1.965625000000000011e-01,-1.120162141384254184e+00,-7.142857142857144126e-01,-2.142857142857142794e+00
1.968749999999999944e-01,-1.999484528421448415e+00,-2.142857142857142794e+00,-2.142857142857142794e+00
1.971875000000000155e-01,2.335189511892821201e-05,7.142857142857144126e-01,7.142857142857144126e-01
1.975000000000000089e-01,-7.071067811864804042e-01,-7.142857142857144126e-01,-7.142857142857144126e-01
1.978125000000000022e-01,-4.059977355418179279e+00,-3.571428571428571175e+00,-3.571428571428571175e+00
1.981249999999999956e-01,-4.356569403582835065e+00,-5.000000000000000000e+00,-5.000000000000000000e+00
1.984375000000000167e-01,-1.571340617643478321e+00,-2.142857142857142794e+00,-2.142857142857142794e+00
1.987500000000000100e-01,-1.357425035160861215e+00,-7.142857142857144126e-01,-7.142857142857144126e-01
1.990625000000000033e-01,-3.733244922461311344e+00,-3.571428571428571175e+00,-3.571428571428571175e+00
1.993749999999999967e-01,-3.080924261432052447e+00,-3.571428571428571175e+00,-3.571428571428571175e+00
1.996875000000000178e-01,5.433595306098697453e-01,7.142857142857144126e-01,7.142857142857144126e-01
2.000000000000000111e-01,1.414213562373054289e+00,7.142857142857144126e-01,7.142857142857144126e-01
2.003125000000000044e-01,-5.433595306097357414e-01,-7.142857142857144126e-01,-7.142857142857144126e-01
2.006249999999999978e-01,2.524971366855559562e-01,7.142857142857144126e-01,-7.142857142857144126e-01
2.009374999999999911e-01,3.733244922461237625e+00,3.571428571428571175e+00,3.571428571428571175e+00
2.012500000000000122e-01,4.185852159906911396e+00,3.571428571428571175e+00,3.571428571428571175e+00
2.015625000000000056e-01,1.571340617643550042e+00,2.142857142857143238e+00,2.142857142857143238e+00
2.018749999999999989e-01,1.528142278836615464e+00,2.142857142857143238e+00,2.142857142857143238e+00
2.021874999999999922e-01,4.059977355418093126e+00,3.571428571428571175e+00,5.000000000000000000e+00
2.025000000000000133e-01,3.535533905932739529e+00,3.571428571428571175e+00,3.571428571428571175e+00
2.028125000000000067e-01,-2.335189517888025534e-05,-7.142857142857144126e-01,-7.142857142857144126e-01
2.031250000000000000e-01,-8.289425963247365470e-01,-7.142857142857144126e-01,-7.142857142857144126e-01
2.034374999999999933e-01,1.120162141384376087e+00,7.142857142857144126e-01,7.142857142857144126e-01
2.037500000000000144e-01,2.661632652775094421e-01,7.142857142857144126e-01,7.142857142857144126e-01
2.040625000000000078e-01,-3.317393414864195478e+00,-3.571428571428571175e+00,-3.571428571428571175e+00
2.043750000000000011e-01,-3.908622399280591075e+00,-3.571428571428571175e+00,-3.571428571428571175e+00
2.046874999999999944e-01,-1.456607444823493580e+00,-2.142857142857142794e+00,-2.142857142857142794e+00
2.050000000000000155e-01,-1.585786437627165757e+00,-2.142857142857142794e+00,-2.142857142857142794e+00
2.053125000000000089e-01,-4.285034569569900142e+00,-3.571428571428571175e+00,-5.000000000000000000e+00
2.056250000000000022e-01,-3.908622399280652804e+00,-3.571428571428571175e+00,-3.571428571428571175e+00
2.059374999999999956e-01,-4.889662901178484233e-01,-7.142857142857144126e-01,-7.142857142857144126e-01
2.062500000000000167e-01,2.661632652775975938e-01,7.142857142857144126e-01,7.142857142857144126e-01
2.065625000000000100e-01,-1.708264983361909017e+00,-2.142857142857142794e+00,-7.142857142857144126e-01
2.068750000000000033e-01,-8.289425963246384033e-01,-7.142857142857144126e-01,-7.142857142857144126e-01
2.071874999999999967e-01,2.828403772851001641e+00,2.142857142857143238e+00,2.142857142857143238e+00
2.075000000000000178e-01,3.535533905932561005e+00,3.571428571428571175e+00,3.571428571428571175e+00
2.078125000000000111e-01,1.231550230671877300e+00,7.142857142857144126e-01,7.142857142857144126e-01
2.081250000000000044e-01,1.528142278836613022e+00,2.142857142857143238e+00,7.142857142857144126e-01
2.084374999999999978e-01,4.399767742389945724e+00,5.000000000000000000e+00,3.571428571428571175e+00
2.087499999999999911e-01,4.185852159906794157e+00,3.571428571428571175e+00,3.571428571428571175e+00
2.090625000000000122e-01,9.048177977150433371e-01,7.142857142857144126e-01,7.142857142857144126e-01
2.093750000000000056e-01,2.524971366860317978e-01,7.142857142857144126e-01,-7.142857142857144126e-01
2.096874999999999989e-01,2.285067594136708014e+00,2.142857142857143238e+00,2.142857142857143238e+00
2.099999999999999922e-01,1.414213562373032529e+00,7.142857142857144126e-01,7.142857142857144126e-01
2.103125000000000133e-01,-2.285067594136870106e+00,-2.142857142857142794e+00,-2.142857142857142794e+00
2.106250000000000067e-01,-3.080924261431636779e+00,-3.571428571428571175e+00,-3.571428571428571175e+00
2.109375000000000000e-01,-9.048177977148854634e-01,-7.142857142857144126e-01,-7.142857142857144126e-01
2.112499999999999933e-01,-1.357425035160856108e+00,-7.142857142857144126e-01,-2.142857142857142794e+00
2.115625000000000144e-01,-4.399767742390031877e+00,-5.000000000000000000e+00,-5.000000000000000000e+00
2.118750000000000078e-01,-4.356569403582538413e+00,-5.000000000000000000e+00,-3.571428571428571175e+00
2.121875000000000011e-01,-1.231550230671814905e+00,-7.142857142857144126e-01,-7.142857142857144126e-01
2.124999999999999944e-01,-7.071067811866365016e-01,-7.142857142857144126e-01,-7.142857142857144126e-01
2.128125000000000155e-01,-2.828403772851406650e+00,-2.142857142857142794e+00,-3.571428571428571175e+00
2.131250000000000089e-01,-1.999484528421256568e+00,-2.142857142857142794e+00,-2.142857142857142794e+00
2.134375000000000022e-01,1.708264983361919676e+00,2.142857142857143238e+00,2.142857142857143238e+00
2.137499999999999956e-01,2.562263859468251859e+00,2.142857142857143238e+00,3.571428571428571175e+00
2.140625000000000167e-01,4.889662901175779730e-01,7.142857142857144126e-01,7.142857142857144126e-01
2.143750000000000100e-01,1.080195274534750505e+00,7.142857142857144126e-01,7.142857142857144126e-01
2.146875000000000033e-01,4.285034569569813101e+00,3.571428571428571175e+00,3.571428571428571175e+00
2.149999999999999967e-01,4.414213562373078048e+00,5.000000000000000000e+00,5.000000000000000000e+00
2.153125000000000178e-01,1.456607444823265540e+00,2.142857142857143238e+00,7.142857142857144126e-01
2.156250000000000111e-01,1.080195274534716754e+00,7.142857142857144126e-01,7.142857142857144126e-01
2.159375000000000044e-01,3.317393414864119094e+00,3.571428571428571175e+00,3.571428571428571175e+00
2.162499999999999978e-01,2.562263859468385974e+00,2.142857142857143238e+00,2.142857142857143238e+00
2.165624999999999911e-01,-1.120162141384547061e+00,-7.142857142857144126e-01,-2.142857142857142794e+00
2.168750000000000122e-01,-1.999484528421353824e+00,-2.142857142857142794e+00,-2.142857142857142794e+00
2.171875000000000056e-01,2.335189513402724515e-05,7.142857142857144126e-01,7.142857142857144126e-01
2.174999999999999989e-01,-7.071067811867801645e-01,-7.142857142857144126e-01,-7.142857142857144126e-01
2.178124999999999922e-01,-4.059977355418323164e+00,-3.571428571428571175e+00,-3.571428571428571175e+00
2.181250000000000133e-01,-4.356569403582692068e+00,-5.000000000000000000e+00,-5.000000000000000000e+00
2.184375000000000067e-01,-1.571340617643486537e+00,-2.142857142857142794e+00,-2.142857142857142794e+00
2.187500000000000000e-01,-1.357425035161025306e+00,-7.142857142857144126e-01,-7.142857142857144126e-01
2.190624999999999933e-01,-3.733244922461481430e+00,-3.571428571428571175e+00,-5.000000000000000000e+00
2.193750000000000144e-01,-3.080924261431845945e+00,-3.571428571428571175e+00,-3.571428571428571175e+00
2.196875000000000078e-01,5.433595306100024169e-01,7.142857142857144126e-01,7.142857142857144126e-01
2.200000000000000011e-01,1.414213562372875543e+00,7.142857142857144126e-01,7.142857142857144126e-01
2.203124999999999944e-01,-5.433595306099137101e-01,-7.142857142857144126e-01,7.142857142857144126e-01
2.206250000000000155e-01,2.524971366860837563e-01,7.142857142857144126e-01,-7.142857142857144126e-01
2.209375000000000089e-01,3.733244922461592452e+00,3.571428571428571175e+00,3.571428571428571175e+00
2.212500000000000022e-01,4.185852159906747083e+00,3.571428571428571175e+00,3.571428571428571175e+00
2.215624999999999956e-01,1.571340617643392612e+00,2.142857142857143238e+00,2.142857142857143238e+00
2.218750000000000167e-01,1.528142278836919443e+00,2.142857142857143238e+00,2.142857142857143238e+00
2.221875000000000100e-01,4.059977355418419975e+00,3.571428571428571175e+00,3.571428571428571175e+00
2.225000000000000033e-01,3.535533905932600973e+00,3.571428571428571175e+00,3.571428571428571175e+00
2.228124999999999967e-01,-2.335189515245694736e-05,-7.142857142857144126e-01,-7.142857142857144126e-01
2.231250000000000178e-01,-8.289425963243973738e-01,-7.142857142857144126e-01,-7.142857142857144126e-01
2.234375000000000111e-01,1.120162141384630772e+00,7.142857142857144126e-01,2.142857142857143238e+00
2.237500000000000044e-01,2.661632652776975139e-01,7.142857142857144126e-01,7.142857142857144126e-01
2.240624999999999978e-01,-3.317393414864011625e+00,-3.571428571428571175e+00,-2.142857142857142794e+00
2.243749999999999911e-01,-3.908622399280744730e+00,-3.571428571428571175e+00,-5.000000000000000000e+00
2.246875000000000122e-01,-1.456607444823356579e+00,-2.142857142857142794e+00,-7.142857142857144126e-01
2.250000000000000056e-01,-1.585786437626999668e+00,-2.142857142857142794e+00,-7.142857142857144126e-01
2.253124999999999989e-01,-4.285034569569741159e+00,-3.571428571428571175e+00,-5.000000000000000000e+00
2.256249999999999922e-01,-3.908622399280831772e+00,-3.571428571428571175e+00,-5.000000000000000000e+00
2.259375000000000133e-01,-4.889662901177111998e-01,-7.142857142857144126e-01,-7.142857142857144126e-01
2.262500000000000067e-01,2.661632652777423669e-01,7.142857142857144126e-01,7.142857142857144126e-01
2.265625000000000000e-01,-1.708264983361766243e+00,-2.142857142857142794e+00,-7.142857142857144126e-01
2.268749999999999933e-01,-8.289425963245897755e-01,-7.142857142857144126e-01,-7.142857142857144126e-01
2.271875000000000144e-01,2.828403772851211251e+00,2.142857142857143238e+00,3.571428571428571175e+00
2.275000000000000078e-01,3.535533905932711107e+00,3.571428571428571175e+00,3.571428571428571175e+00
2.278125000000000011e-01,1.231550230671670576e+00,7.142857142857144126e-01,7.142857142857144126e-01
2.281249999999999944e-01,1.528142278836763790e+00,2.142857142857143238e+00,7.142857142857144126e-01
2.284375000000000155e-01,4.399767742389773417e+00,5.000000000000000000e+00,5.000000000000000000e+00
2.287500000000000089e-01,4.185852159906648495e+00,3.571428571428571175e+00,5.000000000000000000e+00
2.290625000000000022e-01,9.048177977149030049e-01,7.142857142857144126e-01,7.142857142857144126e-01
2.293749999999999956e-01,2.524971366858850264e-01,7.142857142857144126e-01,7.142857142857144126e-01
2.296875000000000167e-01,2.285067594136885649e+00,2.142857142857143238e+00,2.142857142857143238e+00
2.300000000000000100e-01,1.414213562372815591e+00,7.142857142857144126e-01,7.142857142857144126e-01
2.303125000000000033e-01,-2.285067594136681812e+00,-2.142857142857142794e+00,-2.142857142857142794e+00
2.306249999999999967e-01,-3.080924261431713163e+00,-3.571428571428571175e+00,-3.571428571428571175e+00
2.309375000000000178e-01,-9.048177977147691120e-01,-7.142857142857144126e-01,-7.142857142857144126e-01
2.312500000000000111e-01,-1.357425035161034854e+00,-7.142857142857144126e-01,-7.142857142857144126e-01
2.315625000000000044e-01,-4.399767742389855130e+00,-5.000000000000000000e+00,-5.000000000000000000e+00
2.318749999999999978e-01,-4.356569403582708944e+00,-5.000000000000000000e+00,-3.571428571428571175e+00
2.321874999999999911e-01,-1.231550230671992319e+00,-7.142857142857144126e-01,-7.142857142857144126e-01
2.325000000000000122e-01,-7.071067811868081421e-01,-7.142857142857144126e-01,-7.142857142857144126e-01
2.328125000000000056e-01,-2.828403772851260989e+00,-2.142857142857142794e+00,-2.142857142857142794e+00
2.331249999999999989e-01,-1.999484528421445972e+00,-2.142857142857142794e+00,-2.142857142857142794e+00
2.334374999999999922e-01,1.708264983361730049e+00,2.142857142857143238e+00,2.142857142857143238e+00
2.337500000000000133e-01,2.562263859468154159e+00,2.142857142857143238e+00,3.571428571428571175e+00
2.340625000000000067e-01,4.889662901177260768e-01,7.142857142857144126e-01,7.142857142857144126e-01
2.343750000000000000e-01,1.080195274534523797e+00,7.142857142857144126e-01,7.142857142857144126e-01
2.346874999999999933e-01,4.285034569569639906e+00,3.571428571428571175e+00,5.000000000000000000e+00
2.350000000000000144e-01,4.414213562372922617e+00,5.000000000000000000e+00,5.000000000000000000e+00
2.353125000000000078e-01,1.456607444823463382e+00,2.142857142857143238e+00,7.142857142857144126e-01
2.356250000000000011e-01,1.080195274534563321e+00,7.142857142857144126e-01,7.142857142857144126e-01
2.359374999999999944e-01,3.317393414864292289e+00,3.571428571428571175e+00,3.571428571428571175e+00
2.362500000000000155e-01,2.562263859468252747e+00,2.142857142857143238e+00,2.142857142857143238e+00
2.365625000000000089e-01,-1.120162141384442034e+00,-7.142857142857144126e-01,-7.142857142857144126e-01
2.368750000000000022e-01,-1.999484528421175522e+00,-2.142857142857142794e+00,-2.142857142857142794e+00
2.371874999999999956e-01,2.335189531010861685e-05,7.142857142857144126e-01,7.142857142857144126e-01
2.375000000000000167e-01,-7.071067811866571517e-01,-7.142857142857144126e-01,-7.142857142857144126e-01
2.378125000000000100e-01,-4.059977355418507017e+00,-3.571428571428571175e+00,-5.000000000000000000e+00
2.381250000000000033e-01,-4.356569403582532196e+00,-5.000000000000000000e+00,-5.000000000000000000e+00
2.384374999999999967e-01,-1.571340617643333326e+00,-2.142857142857142794e+00,-7.142857142857144126e-01
2.387500000000000178e-01,-1.357425035161156535e+00,-7.142857142857144126e-01,-2.142857142857142794e+00
2.390625000000000111e-01,-3.733244922461597337e+00,-3.571428571428571175e+00,-3.571428571428571175e+00
2.393750000000000044e-01,-3.080924261431710054e+00,-3.571428571428571175e+00,-2.142857142857142794e+00
2.396874999999999978e-01,5.433595306098135680e-01,7.142857142857144126e-01,7.142857142857144126e-01
2.399999999999999911e-01,1.414213562373018318e+00,7.142857142857144126e-01,7.142857142857144126e-01
2.403125000000000122e-01,-5.433595306100098554e-01,-7.142857142857144126e-01,-7.142857142857144126e-01
2.406250000000000056e-01,2.524971366858979049e-01,7.142857142857144126e-01,-7.142857142857144126e-01
2.409374999999999989e-01,3.733244922461411708e+00,3.571428571428571175e+00,3.571428571428571175e+00
2.412499999999999922e-01,4.185852159906904291e+00,3.571428571428571175e+00,3.571428571428571175e+00
2.415625000000000133e-01,1.571340617643243398e+00,2.142857142857143238e+00,7.142857142857144126e-01
2.418750000000000067e-01,1.528142278836758017e+00,2.142857142857143238e+00,2.142857142857143238e+00
2.421875000000000000e-01,4.059977355418264544e+00,3.571428571428571175e+00,3.571428571428571175e+00
2.424999999999999933e-01,3.535533905932783938e+00,3.571428571428571175e+00,3.571428571428571175e+00
2.428125000000000144e-01,-2.335189536206705441e-05,-7.142857142857144126e-01,7.142857142857144126e-01
2.431250000000000078e-01,-8.289425963245408147e-01,-7.142857142857144126e-01,-7.142857142857144126e-01
2.434375000000000011e-01,1.120162141384487775e+00,7.142857142857144126e-01,7.142857142857144126e-01
2.437499999999999944e-01,2.661632652778855856e-01,7.142857142857144126e-01,7.142857142857144126e-01
2.440625000000000155e-01,-3.317393414864214130e+00,-3.571428571428571175e+00,-3.571428571428571175e+00
2.443750000000000089e-01,-3.908622399280623938e+00,-3.571428571428571175e+00,-3.571428571428571175e+00
2.446875000000000022e-01,-1.456607444823516229e+00,-2.142857142857142794e+00,-2.142857142857142794e+00
2.449999999999999956e-01,-1.585786437627154877e+00,-2.142857142857142794e+00,-2.142857142857142794e+00
2.453125000000000167e-01,-4.285034569569877938e+00,-3.571428571428571175e+00,-3.571428571428571175e+00
2.456250000000000100e-01,-3.908622399280642590e+00,-3.571428571428571175e+00,-3.571428571428571175e+00
2.459375000000000033e-01,-4.889662901175741982e-01,-7.142857142857144126e-01,-7.142857142857144126e-01
2.462499999999999967e-01,2.661632652775651753e-01,7.142857142857144126e-01,7.142857142857144126e-01
2.465625000000000178e-01,-1.708264983361859946e+00,-2.142857142857142794e+00,-7.142857142857144126e-01
2.468750000000000111e-01,-8.289425963243739481e-01,-7.142857142857144126e-01,-7.142857142857144126e-01
2.471875000000000044e-01,2.828403772851345810e+00,2.142857142857143238e+00,3.571428571428571175e+00
2.474999999999999978e-01,3.535533905932538801e+00,3.571428571428571175e+00,3.571428571428571175e+00
2.478125000000000189e-01,1.231550230671544677e+00,7.142857142857144126e-01,7.142857142857144126e-01
2.481250000000000122e-01,1.528142278836930990e+00,2.142857142857143238e+00,7.142857142857144126e-01
2.484375000000000056e-01,4.399767742389931513e+00,5.000000000000000000e+00,5.000000000000000000e+00
2.487499999999999989e-01,4.185852159906823466e+00,3.571428571428571175e+00,5.000000000000000000e+00
2.490624999999999922e-01,9.048177977150841933e-01,7.142857142857144126e-01,7.142857142857144126e-01
2.493750000000000133e-01,2.524971366859891653e-01,7.142857142857144126e-01,7.142857142857144126e-01
2.496875000000000067e-01,2.285067594136742208e+00,2.142857142857143238e+00,3.571428571428571175e+00
2.500000000000000000e-01,1.414213562373005439e+00,7.142857142857144126e-01,2.142857142857143238e+00
2.503124999999999933e-01,-2.285067594136492630e+00,-2.142857142857142794e+00,-2.142857142857142794e+00
2.506249999999999867e-01,-3.080924261431859712e+00,-3.571428571428571175e+00,-3.571428571428571175e+00
2.509374999999999800e-01,-9.048177977151881102e-01,-7.142857142857144126e-01,-7.142857142857144126e-01
2.512500000000000289e-01,-1.357425035161213600e+00,-7.142857142857144126e-01,-2.142857142857142794e+00
2.515625000000000222e-01,-4.399767742390016778e+00,-5.000000000000000000e+00,-3.571428571428571175e+00
2.518750000000000155e-01,-4.356569403582541966e+00,-5.000000000000000000e+00,-3.571428571428571175e+00
2.521875000000000089e-01,-1.231550230671807800e+00,-7.142857142857144126e-01,-7.142857142857144126e-01
2.525000000000000022e-01,-7.071067811866587061e-01,-7.142857142857144126e-01,-7.142857142857144126e-01
2.528124999999999956e-01,-2.828403772851115328e+00,-2.142857142857142794e+00,-3.571428571428571175e+00
2.531249999999999889e-01,-1.999484528421635154e+00,-2.142857142857142794e+00,-7.142857142857144126e-01
2.534374999999999822e-01,1.708264983361777123e+00,2.142857142857143238e+00,2.142857142857143238e+00
2.537500000000000311e-01,2.562263859468055571e+00,2.142857142857143238e+00,2.142857142857143238e+00
2.540625000000000244e-01,4.889662901176188292e-01,7.142857142857144126e-01,7.142857142857144126e-01
2.543750000000000178e-01,1.080195274534713201e+00,7.142857142857144126e-01,2.142857142857143238e+00
2.546875000000000111e-01,4.285034569569813101e+00,3.571428571428571175e+00,5.000000000000000000e+00
2.550000000000000044e-01,4.414213562373088706e+00,5.000000000000000000e+00,5.000000000000000000e+00
2.553124999999999978e-01,1.456607444823314834e+00,2.142857142857143238e+00,7.142857142857144126e-01
2.556249999999999911e-01,1.080195274534732075e+00,7.142857142857144126e-01,7.142857142857144126e-01
2.559374999999999845e-01,3.317393414864143963e+00,3.571428571428571175e+00,3.571428571428571175e+00
2.562499999999999778e-01,2.562263859468519644e+00,2.142857142857143238e+00,3.571428571428571175e+00
2.565625000000000266e-01,-1.120162141384658749e+00,-7.142857142857144126e-01,-2.142857142857142794e+00
2.568750000000000200e-01,-1.999484528421402452e+00,-2.142857142857142794e+00,-2.142857142857142794e+00
2.571875000000000133e-01,2.335189548596794396e-05,7.142857142857144126e-01,-7.142857142857144126e-01
2.575000000000000067e-01,-7.071067811867957076e-01,-7.142857142857144126e-01,-7.142857142857144126e-01
2.578125000000000000e-01,-4.059977355418330269e+00,-3.571428571428571175e+00,-3.571428571428571175e+00
2.581249999999999933e-01,-4.356569403582676969e+00,-5.000000000000000000e+00,-5.000000000000000000e+00
2.584374999999999867e-01,-1.571340617643501858e+00,-2.142857142857142794e+00,-2.142857142857142794e+00
2.587499999999999800e-01,-1.357425035160710447e+00,-7.142857142857144126e-01,-7.142857142857144126e-01
2.590625000000000289e-01,-3.733244922461767423e+00,-3.571428571428571175e+00,-3.571428571428571175e+00
2.593750000000000222e-01,-3.080924261431503552e+00,-3.571428571428571175e+00,-3.571428571428571175e+00
2.596875000000000155e-01,5.433595306100278410e-01,7.142857142857144126e-01,7.142857142857144126e-01
2.600000000000000089e-01,1.414213562372839572e+00,7.142857142857144126e-01,7.142857142857144126e-01
2.603125000000000022e-01,-5.433595306098660815e-01,-7.142857142857144126e-01,-7.142857142857144126e-01
2.606249999999999956e-01,2.524971366857122756e-01,7.142857142857144126e-01,7.142857142857144126e-01
2.609374999999999889e-01,3.733244922461175896e+00,3.571428571428571175e+00,3.571428571428571175e+00
2.612499999999999822e-01,4.185852159907061498e+00,3.571428571428571175e+00,5.000000000000000000e+00
2.615625000000000311e-01,1.571340617643094184e+00,2.142857142857143238e+00,7.142857142857144126e-01
2.618750000000000244e-01,1.528142278836917667e+00,2.142857142857143238e+00,2.142857142857143238e+00
2.621875000000000178e-01,4.059977355418391554e+00,3.571428571428571175e+00,3.571428571428571175e+00
2.625000000000000111e-01,3.535533905932585430e+00,3.571428571428571175e+00,2.142857142857143238e+00
2.628125000000000044e-01,-2.335189509983237599e-05,-7.142857142857144126e-01,7.142857142857144126e-01
2.631249999999999978e-01,-8.289425963246838114e-01,-7.142857142857144126e-01,-7.142857142857144126e-01
2.634374999999999911e-01,1.120162141384666521e+00,7.142857142857144126e-01,2.142857142857143238e+00
2.637499999999999845e-01,2.661632652777521368e-01,7.142857142857144126e-01,-7.142857142857144126e-01
2.640624999999999778e-01,-3.317393414863963663e+00,-3.571428571428571175e+00,-3.571428571428571175e+00
2.643750000000000266e-01,-3.908622399280503146e+00,-3.571428571428571175e+00,-5.000000000000000000e+00
2.646875000000000200e-01,-1.456607444823353914e+00,-2.142857142857142794e+00,-7.142857142857144126e-01
2.650000000000000133e-01,-1.585786437626988565e+00,-2.142857142857142794e+00,-2.142857142857142794e+00
2.653125000000000067e-01,-4.285034569570040475e+00,-3.571428571428571175e+00,-3.571428571428571175e+00
2.656250000000000000e-01,-3.908622399280500481e+00,-3.571428571428571175e+00,-5.000000000000000000e+00
2.659374999999999933e-01,-4.889662901177589394e-01,-7.142857142857144126e-01,-7.142857142857144126e-01
2.662499999999999867e-01,2.661632652777099484e-01,7.142857142857144126e-01,-7.142857142857144126e-01
2.665624999999999800e-01,-1.708264983361801992e+00,-2.142857142857142794e+00,-7.142857142857144126e-01
2.668750000000000289e-01,-8.289425963244796414e-01,-7.142857142857144126e-01,-7.142857142857144126e-01
2.671875000000000222e-01,2.828403772851555864e+00,2.142857142857143238e+00,2.142857142857143238e+00
2.675000000000000155e-01,3.535533905932367382e+00,3.571428571428571175e+00,3.571428571428571175e+00
2.678125000000000089e-01,1.231550230671699886e+00,7.142857142857144126e-01,7.142857142857144126e-01
2.681250000000000022e-01,1.528142278836759793e+00,2.142857142857143238e+00,2.142857142857143238e+00
2.684374999999999956e-01,4.399767742389767200e+00,5.000000000000000000e+00,3.571428571428571175e+00
2.687499999999999889e-01,4.185852159906998438e+00,3.571428571428571175e+00,5.000000000000000000e+00
2.690624999999999822e-01,9.048177977152658258e-01,7.142857142857144126e-01,7.142857142857144126e-01
2.693750000000000311e-01,2.524971366861639144e-01,7.142857142857144126e-01,7.142857142857144126e-01
2.696875000000000244e-01,2.285067594136838132e+00,2.142857142857143238e+00,2.142857142857143238e+00
2.700000000000000178e-01,1.414213562372788502e+00,7.142857142857144126e-01,7.142857142857144126e-01
2.703125000000000111e-01,-2.285067594136707125e+00,-2.142857142857142794e+00,-2.142857142857142794e+00
2.706250000000000044e-01,-3.080924261431755795e+00,-3.571428571428571175e+00,-3.571428571428571175e+00
2.709374999999999978e-01,-9.048177977150722029e-01,-7.142857142857144126e-01,-7.142857142857144126e-01
2.712499999999999911e-01,-1.357425035160684468e+00,-7.142857142857144126e-01,-7.142857142857144126e-01
2.715624999999999845e-01,-4.399767742389839142e+00,-5.000000000000000000e+00,-3.571428571428571175e+00
2.718750000000000333e-01,-4.356569403582391864e+00,-5.000000000000000000e+00,-5.000000000000000000e+00
2.721875000000000266e-01,-1.231550230671623725e+00,-7.142857142857144126e-01,-2.142857142857142794e+00
2.725000000000000200e-01,-7.071067811867699504e-01,-7.142857142857144126e-01,-7.142857142857144126e-01
2.728125000000000133e-01,-2.828403772851291187e+00,-2.142857142857142794e+00,-3.571428571428571175e+00
2.731250000000000067e-01,-1.999484528421419549e+00,-2.142857142857142794e+00,-2.142857142857142794e+00
2.734375000000000000e-01,1.708264983361993616e+00,2.142857142857143238e+00,7.142857142857144126e-01
2.737499999999999933e-01,2.562263859468042693e+00,2.142857142857143238e+00,3.571428571428571175e+00
2.740624999999999867e-01,4.889662901177007637e-01,7.142857142857144126e-01,7.142857142857144126e-01
2.743749999999999800e-01,1.080195274534486938e+00,7.142857142857144126e-01,7.142857142857144126e-01
2.746875000000000289e-01,4.285034569569961427e+00,3.571428571428571175e+00,3.571428571428571175e+00
2.750000000000000222e-01,4.414213562372934163e+00,5.000000000000000000e+00,3.571428571428571175e+00
2.753125000000000155e-01,1.456607444823141861e+00,2.142857142857143238e+00,2.142857142857143238e+00
2.756250000000000089e-01,1.080195274534900607e+00,7.142857142857144126e-01,7.142857142857144126e-01
2.759375000000000022e-01,3.317393414864251877e+00,3.571428571428571175e+00,2.142857142857143238e+00
2.762499999999999956e-01,2.562263859468307370e+00,2.142857142857143238e+00,3.571428571428571175e+00
2.765624999999999889e-01,-1.120162141384299481e+00,-7.142857142857144126e-01,-2.142857142857142794e+00
2.768749999999999822e-01,-1.999484528421461960e+00,-2.142857142857142794e+00,-2.142857142857142794e+00
2.771875000000000311e-01,2.335189558655414999e-05,7.142857142857144126e-01,-7.142857142857144126e-01
2.775000000000000244e-01,-7.071067811869344855e-01,-7.142857142857144126e-01,-7.142857142857144126e-01
2.778125000000000178e-01,-4.059977355418514122e+00,-3.571428571428571175e+00,-5.000000000000000000e+00
2.781250000000000111e-01,-4.356569403582533972e+00,-5.000000000000000000e+00,-3.571428571428571175e+00
2.784375000000000044e-01,-1.571340617643348425e+00,-2.142857142857142794e+00,-7.142857142857144126e-01
2.787499999999999978e-01,-1.357425035160842119e+00,-7.142857142857144126e-01,-7.142857142857144126e-01
2.790624999999999911e-01,-3.733244922461348647e+00,-3.571428571428571175e+00,-3.571428571428571175e+00
2.793749999999999845e-01,-3.080924261432011146e+00,-3.571428571428571175e+00,-2.142857142857142794e+00
2.796875000000000333e-01,5.433595306102421141e-01,7.142857142857144126e-01,7.142857142857144126e-01
2.800000000000000266e-01,1.414213562372746091e+00,7.142857142857144126e-01,7.142857142857144126e-01
2.803125000000000200e-01,-5.433595306100438282e-01,-7.142857142857144126e-01,7.142857142857144126e-01
2.806250000000000133e-01,2.524971366859187771e-01,7.142857142857144126e-01,-7.142857142857144126e-01
2.809375000000000067e-01,3.733244922461370408e+00,3.571428571428571175e+00,3.571428571428571175e+00
2.812500000000000000e-01,4.185852159906962910e+00,3.571428571428571175e+00,3.571428571428571175e+00
2.815624999999999933e-01,1.571340617643249615e+00,2.142857142857143238e+00,7.142857142857144126e-01
2.818749999999999867e-01,1.528142278836772672e+00,2.142857142857143238e+00,7.142857142857144126e-01
2.821874999999999800e-01,4.059977355418236122e+00,3.571428571428571175e+00,3.571428571428571175e+00
2.825000000000000289e-01,3.535533905932386922e+00,3.571428571428571175e+00,3.571428571428571175e+00
2.828125000000000222e-01,-2.335189530944248304e-05,-7.142857142857144126e-01,7.142857142857144126e-01
2.831250000000000155e-01,-8.289425963245056206e-01,-7.142857142857144126e-01,-7.142857142857144126e-01
2.834375000000000089e-01,1.120162141384438703e+00,7.142857142857144126e-01,7.142857142857144126e-01
2.837500000000000022e-01,2.661632652776186880e-01,7.142857142857144126e-01,-7.142857142857144126e-01
2.840624999999999956e-01,-3.317393414864232781e+00,-3.571428571428571175e+00,-3.571428571428571175e+00
2.843749999999999889e-01,-3.908622399280608839e+00,-3.571428571428571175e+00,-3.571428571428571175e+00
2.846874999999999822e-01,-1.456607444823488695e+00,-2.142857142857142794e+00,-2.142857142857142794e+00
2.850000000000000311e-01,-1.585786437627143775e+00,-2.142857142857142794e+00,-7.142857142857144126e-01
2.853125000000000244e-01,-4.285034569569855734e+00,-3.571428571428571175e+00,-5.000000000000000000e+00
2.856250000000000178e-01,-3.908622399280358373e+00,-3.571428571428571175e+00,-3.571428571428571175e+00
2.859375000000000111e-01,-4.889662901174898213e-01,-7.142857142857144126e-01,-7.142857142857144126e-01
2.862500000000000044e-01,2.661632652776118046e-01,7.142857142857144126e-01,-7.142857142857144126e-01
2.865624999999999978e-01,-1.708264983361980516e+00,-2.142857142857142794e+00,-7.142857142857144126e-01
2.868749999999999911e-01,-8.289425963246690454e-01,-7.142857142857144126e-01,-7.142857142857144126e-01
2.871874999999999845e-01,2.828403772850971443e+00,2.142857142857143238e+00,2.142857142857143238e+00
2.875000000000000333e-01,3.535533905932255472e+00,3.571428571428571175e+00,3.571428571428571175e+00
2.878125000000000266e-01,1.231550230671533575e+00,7.142857142857144126e-01,7.142857142857144126e-01
2.881250000000000200e-01,1.528142278836927215e+00,2.142857142857143238e+00,2.142857142857143238e+00
2.884375000000000133e-01,4.399767742389924408e+00,5.000000000000000000e+00,5.000000000000000000e+00
2.887500000000000067e-01,4.185852159906787051e+00,3.571428571428571175e+00,3.571428571428571175e+00
2.890625000000000000e-01,9.048177977150710927e-01,7.142857142857144126e-01,7.142857142857144126e-01
2.893749999999999933e-01,2.524971366857662325e-01,7.142857142857144126e-01,-7.142857142857144126e-01
2.896874999999999867e-01,2.285067594136372726e+00,2.142857142857143238e+00,2.142857142857143238e+00
2.899999999999999800e-01,1.414213562373063615e+00,7.142857142857144126e-01,2.142857142857143238e+00
2.903125000000000289e-01,-2.285067594136839908e+00,-2.142857142857142794e+00,-2.142857142857142794e+00
2.906250000000000222e-01,-3.080924261431722933e+00,-3.571428571428571175e+00,-3.571428571428571175e+00
2.909375000000000155e-01,-9.048177977149558515e-01,-7.142857142857144126e-01,-7.142857142857144126e-01
2.912500000000000089e-01,-1.357425035160830351e+00,-7.142857142857144126e-01,-7.142857142857144126e-01
2.915625000000000022e-01,-4.399767742389688152e+00,-5.000000000000000000e+00,-5.000000000000000000e+00
2.918749999999999956e-01,-4.356569403582561506e+00,-5.000000000000000000e+00,-5.000000000000000000e+00
2.921874999999999889e-01,-1.231550230671881518e+00,-7.142857142857144126e-01,-2.142857142857142794e+00
2.924999999999999822e-01,-7.071067811866205144e-01,-7.142857142857144126e-01,-7.142857142857144126e-01
2.928125000000000311e-01,-2.828403772851316944e+00,-2.142857142857142794e+00,-2.142857142857142794e+00
2.931250000000000244e-01,-1.999484528421287433e+00,-2.142857142857142794e+00,-2.142857142857142794e+00
2.934375000000000178e-01,1.708264983361973632e+00,2.142857142857143238e+00,2.142857142857143238e+00
2.937500000000000111e-01,2.562263859468023153e+00,2.142857142857143238e+00,2.142857142857143238e+00
2.940625000000000044e-01,4.889662901175271248e-01,7.142857142857144126e-01,7.142857142857144126e-01
2.943749999999999978e-01,1.080195274534723415e+00,7.142857142857144126e-01,7.142857142857144126e-01
2.946874999999999911e-01,4.285034569569788232e+00,3.571428571428571175e+00,5.000000000000000000e+00
2.949999999999999845e-01,4.414213562373100253e+00,5.000000000000000000e+00,3.571428571428571175e+00
2.953125000000000333e-01,1.456607444823265540e+00,2.142857142857143238e+00,7.142857142857144126e-01
2.956250000000000266e-01,1.080195274534973660e+00,7.142857142857144126e-01,7.142857142857144126e-01
2.959375000000000200e-01,3.317393414864425516e+00,3.571428571428571175e+00,3.571428571428571175e+00
2.962500000000000133e-01,2.562263859468016491e+00,2.142857142857143238e+00,3.571428571428571175e+00
2.965625000000000067e-01,-1.120162141384600796e+00,-7.142857142857144126e-01,-7.142857142857144126e-01
2.968750000000000000e-01,-1.999484528421283658e+00,-2.142857142857142794e+00,-2.142857142857142794e+00
2.971874999999999933e-01,2.335189511959434583e-05,7.142857142857144126e-01,7.142857142857144126e-01
2.974999999999999867e-01,-7.071067811864302222e-01,-7.142857142857144126e-01,-7.142857142857144126e-01
2.978124999999999800e-01,-4.059977355417935030e+00,-3.571428571428571175e+00,-3.571428571428571175e+00
2.981250000000000289e-01,-4.356569403582407851e+00,-5.000000000000000000e+00,-5.000000000000000000e+00
2.984375000000000222e-01,-1.571340617643179005e+00,-2.142857142857142794e+00,-2.142857142857142794e+00
2.987500000000000155e-01,-1.357425035161006210e+00,-7.142857142857144126e-01,-7.142857142857144126e-01
2.990625000000000089e-01,-3.733244922461410376e+00,-3.571428571428571175e+00,-5.000000000000000000e+00
2.993750000000000022e-01,-3.080924261431875255e+00,-3.571428571428571175e+00,-3.571428571428571175e+00
2.996874999999999956e-01,5.433595306095686528e-01,7.142857142857144126e-01,7.142857142857144126e-01
2.999999999999999889e-01,1.414213562372888866e+00,7.142857142857144126e-01,7.142857142857144126e-01
3.003124999999999822e-01,-5.433595306098999433e-01,-7.142857142857144126e-01,-7.142857142857144126e-01
3.006250000000000311e-01,2.524971366860544464e-01,7.142857142857144126e-01,-7.142857142857144126e-01
3.009375000000000244e-01,3.733244922461619097e+00,3.571428571428571175e+00,3.571428571428571175e+00
3.012500000000000178e-01,4.185852159906798597e+00,3.571428571428571175e+00,3.571428571428571175e+00
3.015625000000000111e-01,1.571340617643413706e+00,2.142857142857143238e+00,7.142857142857144126e-01
3.018750000000000044e-01,1.528142278836899015e+00,2.142857142857143238e+00,2.142857142857143238e+00
3.021874999999999978e-01,4.059977355418402212e+00,3.571428571428571175e+00,3.571428571428571175e+00
3.024999999999999911e-01,3.535533905932689791e+00,3.571428571428571175e+00,3.571428571428571175e+00
3.028124999999999845e-01,-2.335189512248092569e-05,-7.142857142857144126e-01,-7.142857142857144126e-01
3.031250000000000333e-01,-8.289425963244945184e-01,-7.142857142857144126e-01,-7.142857142857144126e-01
3.034375000000000266e-01,1.120162141384617005e+00,7.142857142857144126e-01,2.142857142857143238e+00
3.037500000000000200e-01,2.661632652773275876e-01,7.142857142857144126e-01,7.142857142857144126e-01
3.040625000000000133e-01,-3.317393414864369561e+00,-3.571428571428571175e+00,-3.571428571428571175e+00
3.043750000000000067e-01,-3.908622399280440529e+00,-3.571428571428571175e+00,-5.000000000000000000e+00
3.046875000000000000e-01,-1.456607444823376118e+00,-2.142857142857142794e+00,-2.142857142857142794e+00
3.049999999999999933e-01,-1.585786437626977463e+00,-2.142857142857142794e+00,-2.142857142857142794e+00
3.053124999999999867e-01,-4.285034569569746488e+00,-3.571428571428571175e+00,-5.000000000000000000e+00
3.056249999999999800e-01,-3.908622399280859305e+00,-3.571428571428571175e+00,-3.571428571428571175e+00
3.059375000000000289e-01,-4.889662901173528198e-01,-7.142857142857144126e-01,-7.142857142857144126e-01
3.062500000000000222e-01,2.661632652774346131e-01,7.142857142857144126e-01,7.142857142857144126e-01
3.065625000000000155e-01,-1.708264983361989398e+00,-2.142857142857142794e+00,-7.142857142857144126e-01
3.068750000000000089e-01,-8.289425963245369289e-01,-7.142857142857144126e-01,-7.142857142857144126e-01
3.071875000000000022e-01,2.828403772851106002e+00,2.142857142857143238e+00,2.142857142857143238e+00
3.074999999999999956e-01,3.535533905932726206e+00,3.571428571428571175e+00,3.571428571428571175e+00
3.078124999999999889e-01,1.231550230672010304e+00,7.142857142857144126e-01,7.142857142857144126e-01
3.081249999999999822e-01,1.528142278836722934e+00,2.142857142857143238e+00,2.142857142857143238e+00
3.084375000000000311e-01,4.399767742390065628e+00,5.000000000000000000e+00,5.000000000000000000e+00
3.087500000000000244e-01,4.185852159906641390e+00,3.571428571428571175e+00,3.571428571428571175e+00
3.090625000000000178e-01,9.048177977149307605e-01,7.142857142857144126e-01,7.142857142857144126e-01
3.093750000000000111e-01,2.524971366857993171e-01,7.142857142857144126e-01,7.142857142857144126e-01
3.096875000000000044e-01,2.285067594136550362e+00,2.142857142857143238e+00,2.142857142857143238e+00
3.099999999999999978e-01,1.414213562372931943e+00,7.142857142857144126e-01,7.142857142857144126e-01
3.103124999999999911e-01,-2.285067594136650726e+00,-2.142857142857142794e+00,-2.142857142857142794e+00
3.106249999999999845e-01,-3.080924261431727817e+00,-3.571428571428571175e+00,-3.571428571428571175e+00
3.109375000000000333e-01,-9.048177977147859874e-01,-7.142857142857144126e-01,-2.142857142857142794e+00
3.112500000000000266e-01,-1.357425035161041960e+00,-7.142857142857144126e-01,-7.142857142857144126e-01
3.115625000000000200e-01,-4.399767742389840919e+00,-5.000000000000000000e+00,-5.000000000000000000e+00
3.118750000000000133e-01,-4.356569403582733813e+00,-5.000000000000000000e+00,-3.571428571428571175e+00
3.121875000000000067e-01,-1.231550230671656809e+00,-7.142857142857144126e-01,-7.142857142857144126e-01
3.125000000000000000e-01,-7.071067811867925990e-01,-7.142857142857144126e-01,-7.142857142857144126e-01
3.128124999999999933e-01,-2.828403772851321385e+00,-2.142857142857142794e+00,-2.142857142857142794e+00
3.131249999999999867e-01,-1.999484528421476837e+00,-2.142857142857142794e+00,-2.142857142857142794e+00
3.134374999999999800e-01,1.708264983361614142e+00,2.142857142857143238e+00,2.142857142857143238e+00
3.137500000000000289e-01,2.562263859468167482e+00,2.142857142857143238e+00,3.571428571428571175e+00
3.140625000000000222e-01,4.889662901174860465e-01,7.142857142857144126e-01,7.142857142857144126e-01
3.143750000000000155e-01,1.080195274534865746e+00,7.142857142857144126e-01,7.142857142857144126e-01
3.146875000000000089e-01,4.285034569569936558e+00,3.571428571428571175e+00,5.000000000000000000e+00
3.150000000000000022e-01,4.414213562372944821e+00,5.000000000000000000e+00,3.571428571428571175e+00
3.153124999999999956e-01,1.456607444823488251e+00,2.142857142857143238e+00,2.142857142857143238e+00
3.156249999999999889e-01,1.080195274534593519e+00,7.142857142857144126e-01,7.142857142857144126e-01
3.159374999999999822e-01,3.317393414863955670e+00,3.571428571428571175e+00,3.571428571428571175e+00
3.162500000000000311e-01,2.562263859467882821e+00,2.142857142857143238e+00,3.571428571428571175e+00
3.165625000000000244e-01,-1.120162141384732690e+00,-7.142857142857144126e-01,-2.142857142857142794e+00
3.168750000000000178e-01,-1.999484528421272778e+00,-2.142857142857142794e+00,-2.142857142857142794e+00
3.171875000000000111e-01,2.335189529567571753e-05,7.142857142857144126e-01,7.142857142857144126e-01
3.175000000000000044e-01,-7.071067811865683339e-01,-7.142857142857144126e-01,-7.142857142857144126e-01
3.178124999999999978e-01,-4.059977355418159739e+00,-3.571428571428571175e+00,-3.571428571428571175e+00
3.181249999999999911e-01,-4.356569403582858158e+00,-5.000000000000000000e+00,-3.571428571428571175e+00
3.184374999999999845e-01,-1.571340617643364412e+00,-2.142857142857142794e+00,-2.142857142857142794e+00
3.187500000000000333e-01,-1.357425035161105020e+00,-7.142857142857144126e-01,-7.142857142857144126e-01
3.190625000000000266e-01,-3.733244922461580906e+00,-3.571428571428571175e+00,-3.571428571428571175e+00
3.193750000000000200e-01,-3.080924261431739364e+00,-3.571428571428571175e+00,-2.142857142857142794e+00
3.196875000000000133e-01,5.433595306098647493e-01,7.142857142857144126e-01,7.142857142857144126e-01
3.200000000000000067e-01,1.414213562373031641e+00,7.142857142857144126e-01,2.142857142857143238e+00
3.203125000000000000e-01,-5.433595306100775790e-01,-7.142857142857144126e-01,-7.142857142857144126e-01
3.206249999999999933e-01,2.524971366858683730e-01,7.142857142857144126e-01,7.142857142857144126e-01
3.209374999999999867e-01,3.733244922461329551e+00,3.571428571428571175e+00,3.571428571428571175e+00
3.212499999999999800e-01,4.185852159906890968e+00,3.571428571428571175e+00,3.571428571428571175e+00
3.215625000000000289e-01,1.571340617643273374e+00,2.142857142857143238e+00,2.142857142857143238e+00
3.218750000000000222e-01,1.528142278836737589e+00,2.142857142857143238e+00,7.142857142857144126e-01
3.221875000000000155e-01,4.059977355418568301e+00,3.571428571428571175e+00,3.571428571428571175e+00
3.225000000000000089e-01,3.535533905932430443e+00,3.571428571428571175e+00,3.571428571428571175e+00
3.228125000000000022e-01,-2.335189525703995628e-05,-7.142857142857144126e-01,-7.142857142857144126e-01
3.231249999999999956e-01,-8.289425963244704265e-01,-7.142857142857144126e-01,-2.142857142857142794e+00
3.234374999999999889e-01,1.120162141384474452e+00,7.142857142857144126e-01,7.142857142857144126e-01
3.237499999999999822e-01,2.661632652779946095e-01,7.142857142857144126e-01,7.142857142857144126e-01
3.240625000000000311e-01,-3.317393414864506340e+00,-3.571428571428571175e+00,-3.571428571428571175e+00
3.243750000000000244e-01,-3.908622399280366810e+00,-3.571428571428571175e+00,-5.000000000000000000e+00
3.246875000000000178e-01,-1.456607444823214248e+00,-2.142857142857142794e+00,-2.142857142857142794e+00
3.250000000000000111e-01,-1.585786437627132672e+00,-2.142857142857142794e+00,-2.142857142857142794e+00
3.253125000000000044e-01,-4.285034569569859286e+00,-3.571428571428571175e+00,-3.571428571428571175e+00
3.256249999999999978e-01,-3.908622399280717197e+00,-3.571428571428571175e+00,-3.571428571428571175e+00
3.259374999999999911e-01,-4.889662901179907539e-01,-7.142857142857144126e-01,-7.142857142857144126e-01
3.262499999999999845e-01,2.661632652779009067e-01,7.142857142857144126e-01,7.142857142857144126e-01
3.265625000000000333e-01,-1.708264983362168365e+00,-2.142857142857142794e+00,-2.142857142857142794e+00
3.268750000000000266e-01,-8.289425963244048123e-01,-7.142857142857144126e-01,-7.142857142857144126e-01
3.271875000000000200e-01,2.828403772851391107e+00,2.142857142857143238e+00,2.142857142857143238e+00
3.275000000000000133e-01,3.535533905932554788e+00,3.571428571428571175e+00,3.571428571428571175e+00
3.278125000000000067e-01,1.231550230671843993e+00,7.142857142857144126e-01,7.142857142857144126e-01
3.281250000000000000e-01,1.528142278836585488e+00,2.142857142857143238e+00,2.142857142857143238e+00
3.284374999999999933e-01,4.399767742389918190e+00,5.000000000000000000e+00,5.000000000000000000e+00
3.287499999999999867e-01,4.185852159906881198e+00,3.571428571428571175e+00,5.000000000000000000e+00
3.290624999999999800e-01,9.048177977151119489e-01,7.142857142857144126e-01,7.142857142857144126e-01
3.293750000000000289e-01,2.524971366859740662e-01,7.142857142857144126e-01,7.142857142857144126e-01
3.296875000000000222e-01,2.285067594136727998e+00,2.142857142857143238e+00,2.142857142857143238e+00
3.300000000000000155e-01,1.414213562372951039e+00,7.142857142857144126e-01,2.142857142857143238e+00
3.303125000000000089e-01,-2.285067594136783509e+00,-2.142857142857142794e+00,-2.142857142857142794e+00
3.306250000000000022e-01,-3.080924261431553290e+00,-3.571428571428571175e+00,-3.571428571428571175e+00
3.309374999999999956e-01,-9.048177977149371998e-01,-7.142857142857144126e-01,-7.142857142857144126e-01
3.312499999999999889e-01,-1.357425035160801485e+00,-7.142857142857144126e-01,-7.142857142857144126e-01
3.315624999999999822e-01,-4.399767742389655290e+00,-5.000000000000000000e+00,-3.571428571428571175e+00
3.318750000000000311e-01,-4.356569403582549072e+00,-5.000000000000000000e+00,-3.571428571428571175e+00
3.321875000000000244e-01,-1.231550230671512924e+00,-7.142857142857144126e-01,-7.142857142857144126e-01
3.325000000000000178e-01,-7.071067811869642394e-01,-7.142857142857144126e-01,-7.142857142857144126e-01
3.328125000000000111e-01,-2.828403772851347142e+00,-2.142857142857142794e+00,-2.142857142857142794e+00
3.331250000000000044e-01,-1.999484528421344720e+00,-2.142857142857142794e+00,-2.142857142857142794e+00
3.334374999999999978e-01,1.708264983361746037e+00,2.142857142857143238e+00,7.142857142857144126e-01
3.337499999999999911e-01,2.562263859468312255e+00,2.142857142857143238e+00,2.142857142857143238e+00
3.340624999999999845e-01,4.889662901178235543e-01,7.142857142857144126e-01,7.142857142857144126e-01
3.343750000000000333e-01,1.080195274535007632e+00,7.142857142857144126e-01,7.142857142857144126e-01
3.346875000000000266e-01,4.285034569570134622e+00,3.571428571428571175e+00,3.571428571428571175e+00
3.350000000000000200e-01,4.414213562372790278e+00,5.000000000000000000e+00,3.571428571428571175e+00
3.353125000000000133e-01,1.456607444823339703e+00,2.142857142857143238e+00,7.142857142857144126e-01
3.356250000000000067e-01,1.080195274534667238e+00,7.142857142857144126e-01,2.142857142857143238e+00
3.359375000000000000e-01,3.317393414864128864e+00,3.571428571428571175e+00,3.571428571428571175e+00
3.362499999999999933e-01,2.562263859468550287e+00,2.142857142857143238e+00,2.142857142857143238e+00
3.365624999999999867e-01,-1.120162141384542842e+00,-7.142857142857144126e-01,-7.142857142857144126e-01
3.368749999999999800e-01,-1.999484528421248797e+00,-2.142857142857142794e+00,-2.142857142857142794e+00
3.371875000000000289e-01,2.335189547153504463e-05,7.142857142857144126e-01,7.142857142857144126e-01
3.375000000000000222e-01,-7.071067811868276820e-01,-7.142857142857144126e-01,-7.142857142857144126e-01
3.378125000000000155e-01,-4.059977355418303624e+00,-3.571428571428571175e+00,-5.000000000000000000e+00
3.381250000000000089e-01,-4.356569403582697397e+00,-5.000000000000000000e+00,-5.000000000000000000e+00
3.384375000000000022e-01,-1.571340617643194992e+00,-2.142857142857142794e+00,-7.142857142857144126e-01
3.387499999999999956e-01,-1.357425035161013316e+00,-7.142857142857144126e-01,-7.142857142857144126e-01
3.390624999999999889e-01,-3.733244922461537385e+00,-3.571428571428571175e+00,-3.571428571428571175e+00
3.393749999999999822e-01,-3.080924261431925437e+00,-3.571428571428571175e+00,-3.571428571428571175e+00
3.396875000000000311e-01,5.433595306099971989e-01,7.142857142857144126e-01,7.142857142857144126e-01
3.400000000000000244e-01,1.414213562372852895e+00,7.142857142857144126e-01,2.142857142857143238e+00
3.403125000000000178e-01,-5.433595306100921229e-01,-7.142857142857144126e-01,-7.142857142857144126e-01
3.406250000000000111e-01,2.524971366860042643e-01,7.142857142857144126e-01,7.142857142857144126e-01
3.409375000000000044e-01,3.733244922461469884e+00,3.571428571428571175e+00,3.571428571428571175e+00
3.412499999999999978e-01,4.185852159906791492e+00,3.571428571428571175e+00,5.000000000000000000e+00
3.415624999999999911e-01,1.571340617643419924e+00,2.142857142857143238e+00,2.142857142857143238e+00
3.418749999999999845e-01,1.528142278836575718e+00,2.142857142857143238e+00,7.142857142857144126e-01
3.421875000000000333e-01,4.059977355418332934e+00,3.571428571428571175e+00,3.571428571428571175e+00
3.425000000000000266e-01,3.535533905932292331e+00,3.571428571428571175e+00,3.571428571428571175e+00
3.428125000000000200e-01,-2.335189539159898686e-05,-7.142857142857144126e-01,-7.142857142857144126e-01
3.431250000000000133e-01,-8.289425963244594353e-01,-7.142857142857144126e-01,-7.142857142857144126e-01
3.434375000000000067e-01,1.120162141384652976e+00,7.142857142857144126e-01,7.142857142857144126e-01
3.437500000000000000e-01,2.661632652778613828e-01,7.142857142857144126e-01,-7.142857142857144126e-01
3.440624999999999933e-01,-3.317393414864000967e+00,-3.571428571428571175e+00,-2.142857142857142794e+00
3.443749999999999867e-01,-3.908622399280746951e+00,-3.571428571428571175e+00,-3.571428571428571175e+00
3.446874999999999800e-01,-1.456607444823373898e+00,-2.142857142857142794e+00,-7.142857142857144126e-01
3.450000000000000289e-01,-1.585786437627287881e+00,-2.142857142857142794e+00,-7.142857142857144126e-01
3.453125000000000222e-01,-4.285034569570020935e+00,-3.571428571428571175e+00,-5.000000000000000000e+00
3.456250000000000155e-01,-3.908622399280575088e+00,-3.571428571428571175e+00,-3.571428571428571175e+00
3.459375000000000089e-01,-4.889662901177218579e-01,-7.142857142857144126e-01,-7.142857142857144126e-01
3.462500000000000022e-01,2.661632652777239372e-01,7.142857142857144126e-01,7.142857142857144126e-01
3.465624999999999956e-01,-1.708264983361703626e+00,-2.142857142857142794e+00,-2.142857142857142794e+00
3.468749999999999889e-01,-8.289425963245942164e-01,-7.142857142857144126e-01,-7.142857142857144126e-01
3.471874999999999822e-01,2.828403772851053599e+00,2.142857142857143238e+00,2.142857142857143238e+00
3.475000000000000311e-01,3.535533905932383369e+00,3.571428571428571175e+00,3.571428571428571175e+00
3.478125000000000244e-01,1.231550230671758062e+00,7.142857142857144126e-01,7.142857142857144126e-01
3.481250000000000178e-01,1.528142278836735812e+00,2.142857142857143238e+00,2.142857142857143238e+00
3.484375000000000111e-01,4.399767742389737002e+00,5.000000000000000000e+00,5.000000000000000000e+00
3.487500000000000044e-01,4.185852159906669812e+00,3.571428571428571175e+00,3.571428571428571175e+00
3.490624999999999978e-01,9.048177977149716167e-01,7.142857142857144126e-01,2.142857142857143238e+00
3.493749999999999911e-01,2.524971366858275168e-01,7.142857142857144126e-01,-7.142857142857144126e-01
3.496874999999999845e-01,2.285067594136584113e+00,2.142857142857143238e+00,2.142857142857143238e+00
3.500000000000000333e-01,1.414213562372819588e+00,7.142857142857144126e-01,2.142857142857143238e+00
3.503125000000000266e-01,-2.285067594136594771e+00,-2.142857142857142794e+00,-2.142857142857142794e+00
3.506250000000000200e-01,-3.080924261431519984e+00,-3.571428571428571175e+00,-2.142857142857142794e+00
3.509375000000000133e-01,-9.048177977147668916e-01,-7.142857142857144126e-01,-7.142857142857144126e-01
3.512500000000000067e-01,-1.357425035161013094e+00,-7.142857142857144126e-01,-7.142857142857144126e-01
3.515625000000000000e-01,-4.399767742389824932e+00,-5.000000000000000000e+00,-5.000000000000000000e+00
3.518749999999999933e-01,-4.356569403582753353e+00,-5.000000000000000000e+00,-5.000000000000000000e+00
3.521874999999999867e-01,-1.231550230672011859e+00,-7.142857142857144126e-01,-7.142857142857144126e-01
3.524999999999999800e-01,-7.071067811864928387e-01,-7.142857142857144126e-01,-7.142857142857144126e-01
3.528125000000000289e-01,-2.828403772851523001e+00,-2.142857142857142794e+00,-3.571428571428571175e+00
3.531250000000000222e-01,-1.999484528421045182e+00,-2.142857142857142794e+00,-2.142857142857142794e+00
3.534375000000000155e-01,1.708264983362047573e+00,2.142857142857143238e+00,2.142857142857143238e+00
3.537500000000000089e-01,2.562263859468135507e+00,2.142857142857143238e+00,2.142857142857143238e+00
3.540625000000000022e-01,4.889662901177820320e-01,7.142857142857144126e-01,7.142857142857144126e-01
3.543749999999999956e-01,1.080195274534506922e+00,7.142857142857144126e-01,7.142857142857144126e-01
3.546874999999999889e-01,4.285034569569590168e+00,3.571428571428571175e+00,3.571428571428571175e+00
3.549999999999999822e-01,4.414213562372956368e+00,5.000000000000000000e+00,5.000000000000000000e+00
3.553125000000000311e-01,1.456607444823141861e+00,2.142857142857143238e+00,2.142857142857143238e+00
3.556250000000000244e-01,1.080195274534835770e+00,7.142857142857144126e-01,7.142857142857144126e-01
3.559375000000000178e-01,3.317393414864170609e+00,3.571428571428571175e+00,3.571428571428571175e+00
3.562500000000000111e-01,2.562263859468258964e+00,2.142857142857143238e+00,3.571428571428571175e+00
3.565625000000000044e-01,-1.120162141384353216e+00,-7.142857142857144126e-01,-7.142857142857144126e-01
3.568749999999999978e-01,-1.999484528421237695e+00,-2.142857142857142794e+00,-2.142857142857142794e+00
3.571874999999999911e-01,2.335189532609582841e-05,7.142857142857144126e-01,7.142857142857144126e-01
3.574999999999999845e-01,-7.071067811865241470e-01,-7.142857142857144126e-01,-7.142857142857144126e-01
3.578125000000000333e-01,-4.059977355418528333e+00,-3.571428571428571175e+00,-3.571428571428571175e+00
3.581250000000000266e-01,-4.356569403582571276e+00,-5.000000000000000000e+00,-3.571428571428571175e+00
3.584375000000000200e-01,-1.571340617643363524e+00,-2.142857142857142794e+00,-7.142857142857144126e-01
3.587500000000000133e-01,-1.357425035161112348e+00,-7.142857142857144126e-01,-7.142857142857144126e-01
3.590625000000000067e-01,-3.733244922461599558e+00,-3.571428571428571175e+00,-3.571428571428571175e+00
3.593750000000000000e-01,-3.080924261431789546e+00,-3.571428571428571175e+00,-2.142857142857142794e+00
3.596874999999999933e-01,5.433595306098086830e-01,7.142857142857144126e-01,7.142857142857144126e-01
3.599999999999999867e-01,1.414213562372995669e+00,7.142857142857144126e-01,2.142857142857143238e+00
3.603124999999999800e-01,-5.433595306097900313e-01,-7.142857142857144126e-01,-7.142857142857144126e-01
3.606250000000000289e-01,2.524971366862818201e-01,7.142857142857144126e-01,7.142857142857144126e-01
3.609375000000000222e-01,3.733244922461718573e+00,3.571428571428571175e+00,3.571428571428571175e+00
3.612500000000000155e-01,4.185852159906627179e+00,3.571428571428571175e+00,3.571428571428571175e+00
3.615625000000000089e-01,1.571340617643279813e+00,2.142857142857143238e+00,2.142857142857143238e+00
3.618750000000000022e-01,1.528142278836735368e+00,2.142857142857143238e+00,2.142857142857143238e+00
3.621874999999999956e-01,4.059977355418258327e+00,3.571428571428571175e+00,3.571428571428571175e+00
3.624999999999999889e-01,3.535533905932797261e+00,3.571428571428571175e+00,3.571428571428571175e+00
3.628124999999999822e-01,-2.335189488289479698e-05,-7.142857142857144126e-01,-7.142857142857144126e-01
3.631250000000000311e-01,-8.289425963242811335e-01,-7.142857142857144126e-01,-7.142857142857144126e-01
3.634375000000000244e-01,1.120162141384661858e+00,7.142857142857144126e-01,2.142857142857143238e+00
3.637500000000000178e-01,2.661632652775702823e-01,7.142857142857144126e-01,-7.142857142857144126e-01
3.640625000000000111e-01,-3.317393414864137746e+00,-3.571428571428571175e+00,-3.571428571428571175e+00
3.643750000000000044e-01,-3.908622399280673232e+00,-3.571428571428571175e+00,-3.571428571428571175e+00
3.646874999999999978e-01,-1.456607444823533104e+00,-2.142857142857142794e+00,-2.142857142857142794e+00
3.649999999999999911e-01,-1.585786437627121570e+00,-2.142857142857142794e+00,-2.142857142857142794e+00
3.653124999999999845e-01,-4.285034569569861063e+00,-3.571428571428571175e+00,-5.000000000000000000e+00
3.656250000000000333e-01,-3.908622399280337945e+00,-3.571428571428571175e+00,-3.571428571428571175e+00
3.659375000000000266e-01,-4.889662901175848564e-01,-7.142857142857144126e-01,7.142857142857144126e-01
3.662500000000000200e-01,2.661632652777043972e-01,7.142857142857144126e-01,7.142857142857144126e-01
3.665625000000000133e-01,-1.708264983361882372e+00,-2.142857142857142794e+00,-2.142857142857142794e+00
3.668750000000000067e-01,-8.289425963244619888e-01,-7.142857142857144126e-01,-7.142857142857144126e-01
3.671875000000000000e-01,2.828403772851338260e+00,2.142857142857143238e+00,3.571428571428571175e+00
3.674999999999999933e-01,3.535533905932532583e+00,3.571428571428571175e+00,3.571428571428571175e+00
3.678124999999999867e-01,1.231550230671832891e+00,7.142857142857144126e-01,7.142857142857144126e-01
3.681249999999999800e-01,1.528142278836565282e+00,2.142857142857143238e+00,2.142857142857143238e+00
3.684375000000000289e-01,4.399767742389895098e+00,5.000000000000000000e+00,5.000000000000000000e+00
3.687500000000000222e-01,4.185852159906523262e+00,3.571428571428571175e+00,5.000000000000000000e+00
3.690625000000000155e-01,9.048177977147231488e-01,7.142857142857144126e-01,7.142857142857144126e-01
3.693750000000000089e-01,2.524971366860020439e-01,7.142857142857144126e-01,7.142857142857144126e-01
3.696875000000000022e-01,2.285067594136762192e+00,2.142857142857143238e+00,3.571428571428571175e+00
3.699999999999999956e-01,1.414213562373009214e+00,7.142857142857144126e-01,7.142857142857144126e-01
3.703124999999999889e-01,-2.285067594136406033e+00,-2.142857142857142794e+00,-2.142857142857142794e+00
3.706249999999999822e-01,-3.080924261431846389e+00,-3.571428571428571175e+00,-2.142857142857142794e+00
3.709375000000000311e-01,-9.048177977147049411e-01,-7.142857142857144126e-01,-2.142857142857142794e+00
3.712500000000000244e-01,-1.357425035161158977e+00,-7.142857142857144126e-01,-2.142857142857142794e+00
3.715625000000000178e-01,-4.399767742389977698e+00,-5.000000000000000000e+00,-3.571428571428571175e+00
3.718750000000000111e-01,-4.356569403582569500e+00,-5.000000000000000000e+00,-5.000000000000000000e+00
3.721875000000000044e-01,-1.231550230671867752e+00,-7.142857142857144126e-01,-7.142857142857144126e-01
3.724999999999999978e-01,-7.071067811866649233e-01,-7.142857142857144126e-01,-7.142857142857144126e-01
3.728124999999999911e-01,-2.828403772851056264e+00,-2.142857142857142794e+00,-2.142857142857142794e+00
3.731249999999999845e-01,-1.999484528421402008e+00,-2.142857142857142794e+00,-2.142857142857142794e+00
3.734375000000000333e-01,1.708264983362179468e+00,2.142857142857143238e+00,2.142857142857143238e+00
3.737500000000000266e-01,2.562263859468115967e+00,2.142857142857143238e+00,3.571428571428571175e+00
3.740625000000000200e-01,4.889662901176088372e-01,7.142857142857144126e-01,7.142857142857144126e-01
3.743750000000000133e-01,1.080195274534649252e+00,7.142857142857144126e-01,2.142857142857143238e+00
3.746875000000000067e-01,4.285034569569788232e+00,3.571428571428571175e+00,3.571428571428571175e+00
3.750000000000000000e-01,4.414213562373122457e+00,5.000000000000000000e+00,5.000000000000000000e+00
3.753124999999999933e-01,1.456607444823364572e+00,2.142857142857143238e+00,7.142857142857144126e-01
3.756249999999999867e-01,1.080195274534682337e+00,7.142857142857144126e-01,7.142857142857144126e-01
3.759375000000000355e-01,3.317393414864343804e+00,3.571428571428571175e+00,3.571428571428571175e+00
3.762500000000000289e-01,2.562263859468125737e+00,2.142857142857143238e+00,2.142857142857143238e+00
3.765625000000000222e-01,-1.120162141384654753e+00,-7.142857142857144126e-01,-7.142857142857144126e-01
3.768750000000000155e-01,-1.999484528421380913e+00,-2.142857142857142794e+00,-2.142857142857142794e+00
3.771875000000000089e-01,2.335189550195515551e-05,7.142857142857144126e-01,-7.142857142857144126e-01
3.775000000000000022e-01,-7.071067811867832731e-01,-7.142857142857144126e-01,-7.142857142857144126e-01
3.778124999999999956e-01,-4.059977355418270761e+00,-3.571428571428571175e+00,-3.571428571428571175e+00
3.781249999999999889e-01,-4.356569403582699174e+00,-5.000000000000000000e+00,-5.000000000000000000e+00
3.784374999999999822e-01,-1.571340617643532056e+00,-2.142857142857142794e+00,-2.142857142857142794e+00
3.787500000000000311e-01,-1.357425035160954696e+00,-7.142857142857144126e-01,-2.142857142857142794e+00
3.790625000000000244e-01,-3.733244922461770088e+00,-3.571428571428571175e+00,-3.571428571428571175e+00
3.793750000000000178e-01,-3.080924261431512434e+00,-3.571428571428571175e+00,-2.142857142857142794e+00
3.796875000000000111e-01,5.433595306099412436e-01,7.142857142857144126e-01,7.142857142857144126e-01
3.800000000000000044e-01,1.414213562372816924e+00,7.142857142857144126e-01,7.142857142857144126e-01
3.803124999999999978e-01,-5.433595306098046862e-01,-7.142857142857144126e-01,-7.142857142857144126e-01
3.806249999999999911e-01,2.524971366856323396e-01,7.142857142857144126e-01,7.142857142857144126e-01
3.809374999999999845e-01,3.733244922461107507e+00,3.571428571428571175e+00,3.571428571428571175e+00
3.812500000000000333e-01,4.185852159906528591e+00,3.571428571428571175e+00,5.000000000000000000e+00
3.815625000000000266e-01,1.571340617643121940e+00,2.142857142857143238e+00,7.142857142857144126e-01
3.818750000000000200e-01,1.528142278836895018e+00,2.142857142857143238e+00,2.142857142857143238e+00
3.821875000000000133e-01,4.059977355418343592e+00,3.571428571428571175e+00,5.000000000000000000e+00
3.825000000000000067e-01,3.535533905932658261e+00,3.571428571428571175e+00,3.571428571428571175e+00
3.828125000000000000e-01,-2.335189501723178296e-05,-7.142857142857144126e-01,7.142857142857144126e-01
3.831249999999999933e-01,-8.289425963247459839e-01,-7.142857142857144126e-01,-7.142857142857144126e-01
3.834374999999999867e-01,1.120162141384688725e+00,7.142857142857144126e-01,7.142857142857144126e-01
3.837500000000000355e-01,2.661632652774368335e-01,7.142857142857144126e-01,7.142857142857144126e-01
3.840625000000000289e-01,-3.317393414864406420e+00,-3.571428571428571175e+00,-3.571428571428571175e+00
3.843750000000000222e-01,-3.908622399280504922e+00,-3.571428571428571175e+00,-3.571428571428571175e+00
3.846875000000000155e-01,-1.456607444823371234e+00,-2.142857142857142794e+00,-2.142857142857142794e+00
3.850000000000000089e-01,-1.585786437626955259e+00,-2.142857142857142794e+00,-2.142857142857142794e+00
3.853125000000000022e-01,-4.285034569570023599e+00,-3.571428571428571175e+00,-5.000000000000000000e+00
3.856249999999999956e-01,-3.908622399280612392e+00,-3.571428571428571175e+00,-3.571428571428571175e+00
3.859374999999999889e-01,-4.889662901177693755e-01,-7.142857142857144126e-01,-7.142857142857144126e-01
3.862499999999999822e-01,2.661632652776915187e-01,7.142857142857144126e-01,7.142857142857144126e-01
3.865625000000000311e-01,-1.708264983362061118e+00,-2.142857142857142794e+00,-2.142857142857142794e+00
3.868750000000000244e-01,-8.289425963244841933e-01,-7.142857142857144126e-01,-7.142857142857144126e-01
3.871875000000000178e-01,2.828403772851473263e+00,2.142857142857143238e+00,2.142857142857143238e+00
3.875000000000000111e-01,3.535533905932360277e+00,3.571428571428571175e+00,3.571428571428571175e+00
3.878125000000000044e-01,1.231550230671746959e+00,7.142857142857144126e-01,2.142857142857143238e+00
3.881249999999999978e-01,1.528142278836715828e+00,2.142857142857143238e+00,2.142857142857143238e+00
3.884374999999999911e-01,4.399767742389747660e+00,5.000000000000000000e+00,5.000000000000000000e+00
3.887499999999999845e-01,4.185852159907019754e+00,3.571428571428571175e+00,5.000000000000000000e+00
3.890625000000000333e-01,9.048177977145825945e-01,7.142857142857144126e-01,7.142857142857144126e-01
3.893750000000000266e-01,2.524971366861770150e-01,7.142857142857144126e-01,-7.142857142857144126e-01
3.896875000000000200e-01,2.285067594136776847e+00,2.142857142857143238e+00,2.142857142857143238e+00
3.900000000000000133e-01,1.414213562372877542e+00,7.142857142857144126e-01,2.142857142857143238e+00
3.903125000000000067e-01,-2.285067594136538816e+00,-2.142857142857142794e+00,-2.142857142857142794e+00
3.906250000000000000e-01,-3.080924261431813527e+00,-3.571428571428571175e+00,-2.142857142857142794e+00
3.909374999999999933e-01,-9.048177977150697604e-01,-7.142857142857144126e-01,-7.142857142857144126e-01
3.912499999999999867e-01,-1.357425035160596982e+00,-7.142857142857144126e-01,-2.142857142857142794e+00
3.915625000000000355e-01,-4.399767742390147340e+00,-5.000000000000000000e+00,-5.000000000000000000e+00
3.918750000000000289e-01,-4.356569403582418509e+00,-5.000000000000000000e+00,-3.571428571428571175e+00
3.921875000000000222e-01,-1.231550230671723645e+00,-7.142857142857144126e-01,-7.142857142857144126e-01
3.925000000000000155e-01,-7.071067811867162156e-01,-7.142857142857144126e-01,-7.142857142857144126e-01
3.928125000000000089e-01,-2.828403772851231679e+00,-2.142857142857142794e+00,-2.142857142857142794e+00
3.931250000000000022e-01,-1.999484528421591190e+00,-2.142857142857142794e+00,-2.142857142857142794e+00
3.934374999999999956e-01,1.708264983361989620e+00,2.142857142857143238e+00,2.142857142857143238e+00
3.937499999999999889e-01,2.562263859468103089e+00,2.142857142857143238e+00,2.142857142857143238e+00
3.940624999999999822e-01,4.889662901176250465e-01,7.142857142857144126e-01,7.142857142857144126e-01
3.943750000000000311e-01,1.080195274534885730e+00,7.142857142857144126e-01,7.142857142857144126e-01
3.946875000000000244e-01,4.285034569569936558e+00,3.571428571428571175e+00,3.571428571428571175e+00
3.950000000000000178e-01,4.414213562372967026e+00,5.000000000000000000e+00,3.571428571428571175e+00
3.953125000000000111e-01,1.456607444823166730e+00,2.142857142857143238e+00,7.142857142857144126e-01
3.956250000000000044e-01,1.080195274534850869e+00,7.142857142857144126e-01,7.142857142857144126e-01
3.959374999999999978e-01,3.317393414864327372e+00,3.571428571428571175e+00,3.571428571428571175e+00
3.962499999999999911e-01,2.562263859468313587e+00,2.142857142857143238e+00,2.142857142857143238e+00
3.965624999999999845e-01,-1.120162141384295262e+00,-7.142857142857144126e-01,-7.142857142857144126e-01
3.968750000000000333e-01,-1.999484528421202389e+00,-2.142857142857142794e+00,-2.142857142857142794e+00
3.971875000000000266e-01,2.335189552771232968e-05,7.142857142857144126e-01,7.142857142857144126e-01
3.975000000000000200e-01,-7.071067811869220510e-01,-7.142857142857144126e-01,-7.142857142857144126e-01
3.978125000000000133e-01,-4.059977355418414646e+00,-3.571428571428571175e+00,-5.000000000000000000e+00
3.981250000000000067e-01,-4.356569403582573052e+00,-5.000000000000000000e+00,-5.000000000000000000e+00
3.984375000000000000e-01,-1.571340617643379067e+00,-2.142857142857142794e+00,-2.142857142857142794e+00
3.987499999999999933e-01,-1.357425035160862548e+00,-7.142857142857144126e-01,-2.142857142857142794e+00
3.990624999999999867e-01,-3.733244922461296689e+00,-3.571428571428571175e+00,-3.571428571428571175e+00
3.993750000000000355e-01,-3.080924261431376543e+00,-3.571428571428571175e+00,-3.571428571428571175e+00
3.996875000000000289e-01,5.433595306100740263e-01,7.142857142857144126e-01,7.142857142857144126e-01
4.000000000000000222e-01,1.414213562372808708e+00,7.142857142857144126e-01,2.142857142857143238e+00
4.003125000000000155e-01,-5.433595306099823219e-01,-7.142857142857144126e-01,-7.142857142857144126e-01
4.006250000000000089e-01,2.524971366857684529e-01,7.142857142857144126e-01,7.142857142857144126e-01
4.009375000000000022e-01,3.733244922461355753e+00,3.571428571428571175e+00,3.571428571428571175e+00
4.012499999999999956e-01,4.185852159906942482e+00,3.571428571428571175e+00,3.571428571428571175e+00
4.015624999999999889e-01,1.571340617643269599e+00,2.142857142857143238e+00,2.142857142857143238e+00
4.018749999999999822e-01,1.528142278836733592e+00,2.142857142857143238e+00,7.142857142857144126e-01
4.021875000000000311e-01,4.059977355418510570e+00,3.571428571428571175e+00,3.571428571428571175e+00
4.025000000000000244e-01,3.535533905932519261e+00,3.571428571428571175e+00,3.571428571428571175e+00
4.028125000000000178e-01,-2.335189530211501108e-05,-7.142857142857144126e-01,-7.142857142857144126e-01
4.031250000000000111e-01,-8.289425963245676821e-01,-7.142857142857144126e-01,-7.142857142857144126e-01
4.034375000000000044e-01,1.120162141384867471e+00,7.142857142857144126e-01,7.142857142857144126e-01
4.037499999999999978e-01,2.661632652776246832e-01,7.142857142857144126e-01,7.142857142857144126e-01
4.040624999999999911e-01,-3.317393414864090229e+00,-3.571428571428571175e+00,-3.571428571428571175e+00
4.043749999999999845e-01,-3.908622399280658133e+00,-3.571428571428571175e+00,-3.571428571428571175e+00
4.046875000000000333e-01,-1.456607444823258435e+00,-2.142857142857142794e+00,-2.142857142857142794e+00
4.050000000000000266e-01,-1.585786437627110468e+00,-2.142857142857142794e+00,-2.142857142857142794e+00
4.053125000000000200e-01,-4.285034569569863727e+00,-3.571428571428571175e+00,-5.000000000000000000e+00
4.056250000000000133e-01,-3.908622399280375248e+00,-3.571428571428571175e+00,-3.571428571428571175e+00
4.059375000000000067e-01,-4.889662901176323739e-01,-7.142857142857144126e-01,-7.142857142857144126e-01
4.062500000000000000e-01,2.661632652776719787e-01,7.142857142857144126e-01,-7.142857142857144126e-01
4.065624999999999933e-01,-1.708264983361917899e+00,-2.142857142857142794e+00,-7.142857142857144126e-01
4.068749999999999867e-01,-8.289425963248407969e-01,-7.142857142857144126e-01,-2.142857142857142794e+00
4.071875000000000355e-01,2.828403772851285858e+00,2.142857142857143238e+00,3.571428571428571175e+00
4.075000000000000289e-01,3.535533905932309207e+00,3.571428571428571175e+00,3.571428571428571175e+00
4.078125000000000222e-01,1.231550230671902169e+00,7.142857142857144126e-01,2.142857142857143238e+00
4.081250000000000155e-01,1.528142278836866819e+00,2.142857142857143238e+00,2.142857142857143238e+00
4.084375000000000089e-01,4.399767742389567360e+00,5.000000000000000000e+00,5.000000000000000000e+00
4.087500000000000022e-01,4.185852159906874093e+00,3.571428571428571175e+00,3.571428571428571175e+00
4.090624999999999956e-01,9.048177977147640050e-01,7.142857142857144126e-01,7.142857142857144126e-01
4.093749999999999889e-01,2.524971366857087229e-01,7.142857142857144126e-01,-7.142857142857144126e-01
4.096874999999999822e-01,2.285067594136795943e+00,2.142857142857143238e+00,2.142857142857143238e+00
4.100000000000000311e-01,1.414213562372745869e+00,7.142857142857144126e-01,2.142857142857143238e+00
4.103125000000000244e-01,-2.285067594136513058e+00,-2.142857142857142794e+00,-2.142857142857142794e+00
4.106250000000000178e-01,-3.080924261431638556e+00,-3.571428571428571175e+00,-3.571428571428571175e+00
4.109375000000000111e-01,-9.048177977146862894e-01,-7.142857142857144126e-01,-7.142857142857144126e-01
4.112500000000000044e-01,-1.357425035160808591e+00,-7.142857142857144126e-01,-7.142857142857144126e-01
4.115624999999999978e-01,-4.399767742389961711e+00,-5.000000000000000000e+00,-3.571428571428571175e+00
4.118749999999999911e-01,-4.356569403582911448e+00,-5.000000000000000000e+00,-5.000000000000000000e+00
4.121874999999999845e-01,-1.231550230671900836e+00,-7.142857142857144126e-01,-2.142857142857142794e+00
4.125000000000000333e-01,-7.071067811868883002e-01,-7.142857142857144126e-01,-7.142857142857144126e-01
4.128125000000000266e-01,-2.828403772851729503e+00,-2.142857142857142794e+00,-3.571428571428571175e+00
4.131250000000000200e-01,-1.999484528421291873e+00,-2.142857142857142794e+00,-2.142857142857142794e+00
4.134375000000000133e-01,1.708264983362121514e+00,2.142857142857143238e+00,7.142857142857144126e-01
4.137500000000000067e-01,2.562263859468405514e+00,2.142857142857143238e+00,3.571428571428571175e+00
4.140625000000000000e-01,4.889662901175837462e-01,7.142857142857144126e-01,7.142857142857144126e-01
4.143749999999999933e-01,1.080195274534289984e+00,7.142857142857144126e-01,7.142857142857144126e-01
4.146874999999999867e-01,4.285034569569763363e+00,3.571428571428571175e+00,5.000000000000000000e+00
4.150000000000000355e-01,4.414213562372811595e+00,5.000000000000000000e+00,5.000000000000000000e+00
4.153125000000000289e-01,1.456607444823018183e+00,2.142857142857143238e+00,2.142857142857143238e+00
4.156250000000000222e-01,1.080195274534602401e+00,7.142857142857144126e-01,7.142857142857144126e-01
4.159375000000000155e-01,3.317393414864369561e+00,3.571428571428571175e+00,3.571428571428571175e+00
4.162500000000000089e-01,2.562263859468501437e+00,2.142857142857143238e+00,2.142857142857143238e+00
4.165625000000000022e-01,-1.120162141384596799e+00,-7.142857142857144126e-01,-7.142857142857144126e-01
4.168749999999999956e-01,-1.999484528421024088e+00,-2.142857142857142794e+00,-7.142857142857144126e-01
4.171874999999999889e-01,2.335189521063263385e-05,7.142857142857144126e-01,7.142857142857144126e-01
4.174999999999999822e-01,-7.071067811867393083e-01,-7.142857142857144126e-01,-7.142857142857144126e-01
4.178125000000000311e-01,-4.059977355418639355e+00,-3.571428571428571175e+00,-3.571428571428571175e+00
4.181250000000000244e-01,-4.356569403582734701e+00,-5.000000000000000000e+00,-5.000000000000000000e+00
4.184375000000000178e-01,-1.571340617643209647e+00,-2.142857142857142794e+00,-2.142857142857142794e+00
4.187500000000000111e-01,-1.357425035161283544e+00,-7.142857142857144126e-01,-2.142857142857142794e+00
4.190625000000000044e-01,-3.733244922461467219e+00,-3.571428571428571175e+00,-3.571428571428571175e+00
4.193749999999999978e-01,-3.080924261431562172e+00,-3.571428571428571175e+00,-2.142857142857142794e+00
4.196874999999999911e-01,5.433595306095636568e-01,7.142857142857144126e-01,7.142857142857144126e-01
4.199999999999999845e-01,1.414213562372781174e+00,7.142857142857144126e-01,2.142857142857143238e+00
4.203125000000000333e-01,-5.433595306099967548e-01,-7.142857142857144126e-01,-7.142857142857144126e-01
4.206250000000000266e-01,2.524971366863673072e-01,7.142857142857144126e-01,7.142857142857144126e-01
4.209375000000000200e-01,3.733244922461496529e+00,3.571428571428571175e+00,3.571428571428571175e+00
4.212500000000000133e-01,4.185852159906521486e+00,3.571428571428571175e+00,5.000000000000000000e+00
4.215625000000000067e-01,1.571340617643450122e+00,2.142857142857143238e+00,7.142857142857144126e-01
4.218750000000000000e-01,1.528142278836893242e+00,2.142857142857143238e+00,2.142857142857143238e+00
4.221874999999999933e-01,4.059977355418033618e+00,3.571428571428571175e+00,3.571428571428571175e+00
4.224999999999999867e-01,3.535533905932702226e+00,3.571428571428571175e+00,3.571428571428571175e+00
4.228125000000000355e-01,-2.335189543689608627e-05,-7.142857142857144126e-01,7.142857142857144126e-01
4.231250000000000289e-01,-8.289425963242351703e-01,-7.142857142857144126e-01,-7.142857142857144126e-01
4.234375000000000222e-01,1.120162141384554833e+00,7.142857142857144126e-01,2.142857142857143238e+00
4.237500000000000155e-01,2.661632652774914565e-01,7.142857142857144126e-01,7.142857142857144126e-01
4.240625000000000089e-01,-3.317393414864037382e+00,-3.571428571428571175e+00,-3.571428571428571175e+00
4.243750000000000022e-01,-3.908622399280489823e+00,-3.571428571428571175e+00,-3.571428571428571175e+00
4.246874999999999956e-01,-1.456607444823690090e+00,-2.142857142857142794e+00,-7.142857142857144126e-01
4.249999999999999889e-01,-1.585786437626944156e+00,-2.142857142857142794e+00,-7.142857142857144126e-01
4.253124999999999822e-01,-4.285034569570026264e+00,-3.571428571428571175e+00,-5.000000000000000000e+00
4.256250000000000311e-01,-3.908622399280233140e+00,-3.571428571428571175e+00,-3.571428571428571175e+00
4.259375000000000244e-01,-4.889662901176849985e-01,-7.142857142857144126e-01,-7.142857142857144126e-01
4.262500000000000178e-01,2.661632652774950092e-01,7.142857142857144126e-01,7.142857142857144126e-01
4.265625000000000111e-01,-1.708264983361775124e+00,-2.142857142857142794e+00,-2.142857142857142794e+00
4.268750000000000044e-01,-8.289425963245413698e-01,-7.142857142857144126e-01,-7.142857142857144126e-01
4.271874999999999978e-01,2.828403772851420417e+00,2.142857142857143238e+00,3.571428571428571175e+00
4.274999999999999911e-01,3.535533905932660481e+00,3.571428571428571175e+00,3.571428571428571175e+00
4.278124999999999845e-01,1.231550230671735857e+00,7.142857142857144126e-01,7.142857142857144126e-01
4.281250000000000333e-01,1.528142278837050450e+00,2.142857142857143238e+00,2.142857142857143238e+00
4.284375000000000266e-01,4.399767742389724567e+00,5.000000000000000000e+00,3.571428571428571175e+00
4.287500000000000200e-01,4.185852159906662706e+00,3.571428571428571175e+00,5.000000000000000000e+00
4.290625000000000133e-01,9.048177977146238948e-01,7.142857142857144126e-01,7.142857142857144126e-01
4.293750000000000067e-01,2.524971366858836941e-01,7.142857142857144126e-01,-7.142857142857144126e-01
4.296875000000000000e-01,2.285067594136810598e+00,2.142857142857143238e+00,2.142857142857143238e+00
4.299999999999999933e-01,1.414213562373257016e+00,7.142857142857144126e-01,7.142857142857144126e-01
4.303124999999999867e-01,-2.285067594136482860e+00,-2.142857142857142794e+00,-2.142857142857142794e+00
4.306250000000000355e-01,-3.080924261431605693e+00,-3.571428571428571175e+00,-3.571428571428571175e+00
4.309375000000000289e-01,-9.048177977145164252e-01,-7.142857142857144126e-01,-7.142857142857144126e-01
4.312500000000000222e-01,-1.357425035160954474e+00,-7.142857142857144126e-01,-2.142857142857142794e+00
4.315625000000000155e-01,-4.399767742390132241e+00,-5.000000000000000000e+00,-5.000000000000000000e+00
4.318750000000000089e-01,-4.356569403582760458e+00,-5.000000000000000000e+00,-3.571428571428571175e+00
4.321875000000000022e-01,-1.231550230671756507e+00,-7.142857142857144126e-01,-2.142857142857142794e+00
4.324999999999999956e-01,-7.071067811864168995e-01,-7.142857142857144126e-01,-7.142857142857144126e-01
4.328124999999999889e-01,-2.828403772851262321e+00,-2.142857142857142794e+00,-3.571428571428571175e+00
4.331249999999999822e-01,-1.999484528421326734e+00,-2.142857142857142794e+00,-2.142857142857142794e+00
4.334375000000000311e-01,1.708264983362422829e+00,2.142857142857143238e+00,7.142857142857144126e-01
4.337500000000000244e-01,2.562263859468227878e+00,2.142857142857143238e+00,3.571428571428571175e+00
4.340625000000000178e-01,4.889662901174098852e-01,7.142857142857144126e-01,7.142857142857144126e-01
4.343750000000000111e-01,1.080195274534527350e+00,7.142857142857144126e-01,7.142857142857144126e-01
4.346875000000000044e-01,4.285034569569911689e+00,3.571428571428571175e+00,3.571428571428571175e+00
4.349999999999999978e-01,4.414213562372657051e+00,5.000000000000000000e+00,3.571428571428571175e+00
4.353124999999999911e-01,1.456607444823513120e+00,2.142857142857143238e+00,2.142857142857143238e+00
4.356249999999999845e-01,1.080195274534865524e+00,7.142857142857144126e-01,7.142857142857144126e-01
4.359375000000000333e-01,3.317393414864542756e+00,3.571428571428571175e+00,3.571428571428571175e+00
4.362500000000000266e-01,2.562263859468210558e+00,2.142857142857143238e+00,2.142857142857143238e+00
4.365625000000000200e-01,-1.120162141384728693e+00,-7.142857142857144126e-01,-2.142857142857142794e+00
4.368750000000000133e-01,-1.999484528421489049e+00,-2.142857142857142794e+00,-2.142857142857142794e+00
4.371875000000000067e-01,2.335189523638980802e-05,7.142857142857144126e-01,7.142857142857144126e-01
4.375000000000000000e-01,-7.071067811868771980e-01,-7.142857142857144126e-01,-7.142857142857144126e-01
4.378124999999999933e-01,-4.059977355418059375e+00,-3.571428571428571175e+00,-5.000000000000000000e+00
4.381249999999999867e-01,-4.356569403582575717e+00,-5.000000000000000000e+00,-5.000000000000000000e+00
4.384375000000000355e-01,-1.571340617643056659e+00,-2.142857142857142794e+00,-7.142857142857144126e-01
4.387500000000000289e-01,-1.357425035160804594e+00,-7.142857142857144126e-01,-7.142857142857144126e-01
4.390625000000000222e-01,-3.733244922461528947e+00,-3.571428571428571175e+00,-3.571428571428571175e+00
4.393750000000000155e-01,-3.080924261431427169e+00,-3.571428571428571175e+00,-2.142857142857142794e+00
4.396875000000000089e-01,5.433595306096963284e-01,7.142857142857144126e-01,7.142857142857144126e-01
4.400000000000000022e-01,1.414213562372772959e+00,7.142857142857144126e-01,2.142857142857143238e+00
4.403124999999999956e-01,-5.433595306096946631e-01,-7.142857142857144126e-01,-7.142857142857144126e-01
4.406249999999999889e-01,2.524971366857180488e-01,7.142857142857144126e-01,-7.142857142857144126e-01
4.409374999999999822e-01,3.733244922460993376e+00,3.571428571428571175e+00,3.571428571428571175e+00
4.412500000000000311e-01,4.185852159906357173e+00,3.571428571428571175e+00,3.571428571428571175e+00
4.415625000000000244e-01,1.571340617643292248e+00,2.142857142857143238e+00,7.142857142857144126e-01
4.418750000000000178e-01,1.528142278837020029e+00,2.142857142857143238e+00,2.142857142857143238e+00
4.421875000000000111e-01,4.059977355418199707e+00,3.571428571428571175e+00,5.000000000000000000e+00
4.425000000000000044e-01,3.535533905932564114e+00,3.571428571428571175e+00,3.571428571428571175e+00
4.428124999999999978e-01,-2.335189492796985178e-05,-7.142857142857144126e-01,-7.142857142857144126e-01
4.431249999999999911e-01,-8.289425963245327100e-01,-7.142857142857144126e-01,-7.142857142857144126e-01
4.434374999999999845e-01,1.120162141384902998e+00,7.142857142857144126e-01,2.142857142857143238e+00
4.437500000000000333e-01,2.661632652772001340e-01,7.142857142857144126e-01,7.142857142857144126e-01
4.440625000000000266e-01,-3.317393414864175050e+00,-3.571428571428571175e+00,-3.571428571428571175e+00
4.443750000000000200e-01,-3.908622399280321513e+00,-3.571428571428571175e+00,-5.000000000000000000e+00
4.446875000000000133e-01,-1.456607444823577513e+00,-2.142857142857142794e+00,-2.142857142857142794e+00
4.450000000000000067e-01,-1.585786437627099366e+00,-2.142857142857142794e+00,-7.142857142857144126e-01
4.453125000000000000e-01,-4.285034569570187912e+00,-3.571428571428571175e+00,-3.571428571428571175e+00
4.456249999999999933e-01,-3.908622399280734072e+00,-3.571428571428571175e+00,-5.000000000000000000e+00
4.459374999999999867e-01,-4.889662901176798915e-01,-7.142857142857144126e-01,7.142857142857144126e-01
4.462500000000000355e-01,2.661632652773182617e-01,7.142857142857144126e-01,7.142857142857144126e-01
4.465625000000000289e-01,-1.708264983361784228e+00,-2.142857142857142794e+00,-7.142857142857144126e-01
4.468750000000000222e-01,-8.289425963244092532e-01,-7.142857142857144126e-01,-7.142857142857144126e-01
4.471875000000000155e-01,2.828403772851554976e+00,2.142857142857143238e+00,2.142857142857143238e+00
4.475000000000000089e-01,3.535533905932608967e+00,3.571428571428571175e+00,3.571428571428571175e+00
4.478125000000000022e-01,1.231550230671569546e+00,7.142857142857144126e-01,2.142857142857143238e+00
4.481249999999999956e-01,1.528142278836524870e+00,2.142857142857143238e+00,7.142857142857144126e-01
4.484374999999999889e-01,4.399767742389881775e+00,5.000000000000000000e+00,3.571428571428571175e+00
4.487499999999999822e-01,4.185852159907224923e+00,3.571428571428571175e+00,3.571428571428571175e+00
4.490625000000000311e-01,9.048177977144833406e-01,7.142857142857144126e-01,7.142857142857144126e-01
4.493750000000000244e-01,2.524971366859165567e-01,7.142857142857144126e-01,-7.142857142857144126e-01
4.496875000000000178e-01,2.285067594136988234e+00,2.142857142857143238e+00,2.142857142857143238e+00
4.500000000000000111e-01,1.414213562373125344e+00,7.142857142857144126e-01,2.142857142857143238e+00
4.503125000000000044e-01,-2.285067594136778624e+00,-2.142857142857142794e+00,-3.571428571428571175e+00
4.506249999999999978e-01,-3.080924261431932543e+00,-3.571428571428571175e+00,-2.142857142857142794e+00
4.509374999999999911e-01,-9.048177977148808004e-01,-7.142857142857144126e-01,-7.142857142857144126e-01
4.512499999999999845e-01,-1.357425035160457760e+00,-7.142857142857144126e-01,-7.142857142857144126e-01
4.515625000000000333e-01,-4.399767742390285008e+00,-5.000000000000000000e+00,-5.000000000000000000e+00
4.518750000000000266e-01,-4.356569403582610356e+00,-5.000000000000000000e+00,-3.571428571428571175e+00
4.521875000000000200e-01,-1.231550230671531798e+00,-7.142857142857144126e-01,-7.142857142857144126e-01
4.525000000000000133e-01,-7.071067811865885400e-01,-7.142857142857144126e-01,-7.142857142857144126e-01
4.528125000000000067e-01,-2.828403772851438625e+00,-2.142857142857142794e+00,-2.142857142857142794e+00
4.531250000000000000e-01,-1.999484528421670682e+00,-2.142857142857142794e+00,-2.142857142857142794e+00
4.534374999999999933e-01,1.708264983361742040e+00,2.142857142857143238e+00,2.142857142857143238e+00
4.537499999999999867e-01,2.562263859467893923e+00,2.142857142857143238e+00,3.571428571428571175e+00
4.540625000000000355e-01,4.889662901173681409e-01,7.142857142857144126e-01,7.142857142857144126e-01
4.543750000000000289e-01,1.080195274534669236e+00,7.142857142857144126e-01,7.142857142857144126e-01
4.546875000000000222e-01,4.285034569570060015e+00,3.571428571428571175e+00,5.000000000000000000e+00
4.550000000000000155e-01,4.414213562373144661e+00,5.000000000000000000e+00,5.000000000000000000e+00
4.553125000000000089e-01,1.456607444823364572e+00,2.142857142857143238e+00,2.142857142857143238e+00
4.556250000000000022e-01,1.080195274535033612e+00,7.142857142857144126e-01,7.142857142857144126e-01
4.559374999999999956e-01,3.317393414864072909e+00,3.571428571428571175e+00,3.571428571428571175e+00
4.562499999999999889e-01,2.562263859468234983e+00,2.142857142857143238e+00,2.142857142857143238e+00
4.565624999999999822e-01,-1.120162141384047683e+00,-7.142857142857144126e-01,-7.142857142857144126e-01
4.568750000000000311e-01,-1.999484528421477947e+00,-2.142857142857142794e+00,-2.142857142857142794e+00
4.571875000000000244e-01,2.335189541224913512e-05,7.142857142857144126e-01,7.142857142857144126e-01
4.575000000000000178e-01,-7.071067811870164199e-01,-7.142857142857144126e-01,7.142857142857144126e-01
4.578125000000000111e-01,-4.059977355418284084e+00,-3.571428571428571175e+00,-5.000000000000000000e+00
4.581250000000000044e-01,-4.356569403582414957e+00,-5.000000000000000000e+00,-3.571428571428571175e+00
4.584374999999999978e-01,-1.571340617643563586e+00,-2.142857142857142794e+00,-2.142857142857142794e+00
4.587499999999999911e-01,-1.357425035160968685e+00,-7.142857142857144126e-01,-7.142857142857144126e-01
4.590624999999999845e-01,-3.733244922461164350e+00,-3.571428571428571175e+00,-3.571428571428571175e+00
4.593750000000000333e-01,-3.080924261431291278e+00,-3.571428571428571175e+00,-3.571428571428571175e+00
4.596875000000000266e-01,5.433595306099923139e-01,7.142857142857144126e-01,7.142857142857144126e-01
4.600000000000000200e-01,1.414213562372593991e+00,7.142857142857144126e-01,2.142857142857143238e+00
4.603125000000000133e-01,-5.433595306098724098e-01,-7.142857142857144126e-01,-7.142857142857144126e-01
4.606250000000000067e-01,2.524971366859956046e-01,7.142857142857144126e-01,7.142857142857144126e-01
4.609375000000000000e-01,3.733244922461134152e+00,3.571428571428571175e+00,3.571428571428571175e+00
4.612499999999999933e-01,4.185852159906771064e+00,3.571428571428571175e+00,5.000000000000000000e+00
4.615624999999999867e-01,1.571340617643134818e+00,2.142857142857143238e+00,2.142857142857143238e+00
4.618750000000000355e-01,1.528142278837179902e+00,2.142857142857143238e+00,2.142857142857143238e+00
4.621875000000000289e-01,4.059977355418366685e+00,3.571428571428571175e+00,3.571428571428571175e+00
4.625000000000000222e-01,3.535533905932304322e+00,3.571428571428571175e+00,3.571428571428571175e+00
4.628125000000000155e-01,-2.335189506252888236e-05,-7.142857142857144126e-01,-7.142857142857144126e-01
4.631250000000000089e-01,-8.289425963243544082e-01,-7.142857142857144126e-01,-7.142857142857144126e-01
4.634375000000000022e-01,1.120162141384911880e+00,7.142857142857144126e-01,7.142857142857144126e-01
4.637499999999999956e-01,2.661632652778673780e-01,7.142857142857144126e-01,7.142857142857144126e-01
4.640624999999999889e-01,-3.317393414864179491e+00,-3.571428571428571175e+00,-3.571428571428571175e+00
4.643749999999999822e-01,-3.908622399280796245e+00,-3.571428571428571175e+00,-3.571428571428571175e+00
4.646875000000000311e-01,-1.456607444823415420e+00,-2.142857142857142794e+00,-7.142857142857144126e-01
4.650000000000000244e-01,-1.585786437627254575e+00,-2.142857142857142794e+00,-2.142857142857142794e+00
4.653125000000000178e-01,-4.285034569570300711e+00,-3.571428571428571175e+00,-5.000000000000000000e+00
4.656250000000000111e-01,-3.908622399280591519e+00,-3.571428571428571175e+00,-3.571428571428571175e+00
4.659375000000000044e-01,-4.889662901175428900e-01,-7.142857142857144126e-01,-7.142857142857144126e-01
4.662499999999999978e-01,2.661632652777841113e-01,7.142857142857144126e-01,-7.142857142857144126e-01
4.665624999999999911e-01,-1.708264983362132394e+00,-2.142857142857142794e+00,-2.142857142857142794e+00
4.668749999999999845e-01,-8.289425963249201779e-01,-7.142857142857144126e-01,-7.142857142857144126e-01
4.671875000000000333e-01,2.828403772851197040e+00,2.142857142857143238e+00,3.571428571428571175e+00
4.675000000000000266e-01,3.535533905932437104e+00,3.571428571428571175e+00,3.571428571428571175e+00
4.678125000000000200e-01,1.231550230671403012e+00,7.142857142857144126e-01,7.142857142857144126e-01
4.681250000000000133e-01,1.528142278836708501e+00,2.142857142857143238e+00,7.142857142857144126e-01
4.684375000000000067e-01,4.399767742390039871e+00,5.000000000000000000e+00,5.000000000000000000e+00
4.687500000000000000e-01,4.185852159907078374e+00,3.571428571428571175e+00,3.571428571428571175e+00
4.690624999999999933e-01,9.048177977149862716e-01,7.142857142857144126e-01,7.142857142857144126e-01
4.693749999999999867e-01,2.524971366855899291e-01,7.142857142857144126e-01,-7.142857142857144126e-01
4.696875000000000355e-01,2.285067594137165869e+00,2.142857142857143238e+00,2.142857142857143238e+00
4.700000000000000289e-01,1.414213562372823141e+00,7.142857142857144126e-01,7.142857142857144126e-01
4.703125000000000222e-01,-2.285067594136911406e+00,-2.142857142857142794e+00,-2.142857142857142794e+00
4.706250000000000155e-01,-3.080924261431757571e+00,-3.571428571428571175e+00,-3.571428571428571175e+00
4.709375000000000089e-01,-9.048177977148188500e-01,-7.142857142857144126e-01,-7.142857142857144126e-01
4.712500000000000022e-01,-1.357425035160604088e+00,-7.142857142857144126e-01,-7.142857142857144126e-01
4.715624999999999956e-01,-4.399767742389794734e+00,-5.000000000000000000e+00,-3.571428571428571175e+00
4.718749999999999889e-01,-4.356569403582459366e+00,-5.000000000000000000e+00,-3.571428571428571175e+00
4.721874999999999822e-01,-1.231550230672111557e+00,-7.142857142857144126e-01,-7.142857142857144126e-01
4.725000000000000311e-01,-7.071067811867606245e-01,-7.142857142857144126e-01,-7.142857142857144126e-01
4.728125000000000244e-01,-2.828403772851464382e+00,-2.142857142857142794e+00,-3.571428571428571175e+00
4.731250000000000178e-01,-1.999484528421538343e+00,-2.142857142857142794e+00,-2.142857142857142794e+00
4.734375000000000111e-01,1.708264983362043576e+00,2.142857142857143238e+00,7.142857142857144126e-01
4.737500000000000044e-01,2.562263859467874383e+00,2.142857142857143238e+00,2.142857142857143238e+00
4.740624999999999978e-01,4.889662901177063148e-01,7.142857142857144126e-01,7.142857142857144126e-01
4.743749999999999911e-01,1.080195274534811567e+00,7.142857142857144126e-01,7.142857142857144126e-01
4.746874999999999845e-01,4.285034569569565299e+00,3.571428571428571175e+00,5.000000000000000000e+00
4.750000000000000333e-01,4.414213562372989230e+00,5.000000000000000000e+00,3.571428571428571175e+00
4.753125000000000266e-01,1.456607444823216246e+00,2.142857142857143238e+00,2.142857142857143238e+00
4.756250000000000200e-01,1.080195274535107552e+00,7.142857142857144126e-01,7.142857142857144126e-01
4.759375000000000133e-01,3.317393414864246548e+00,3.571428571428571175e+00,2.142857142857143238e+00
4.762500000000000067e-01,2.562263859467943661e+00,2.142857142857143238e+00,2.142857142857143238e+00
4.765625000000000000e-01,-1.120162141384349219e+00,-7.142857142857144126e-01,-2.142857142857142794e+00
4.768749999999999933e-01,-1.999484528421132445e+00,-2.142857142857142794e+00,-2.142857142857142794e+00
4.771874999999999867e-01,2.335189494528933096e-05,7.142857142857144126e-01,-7.142857142857144126e-01
4.775000000000000355e-01,-7.071067811872755460e-01,-7.142857142857144126e-01,-7.142857142857144126e-01
4.778125000000000289e-01,-4.059977355418428857e+00,-3.571428571428571175e+00,-3.571428571428571175e+00
4.781250000000000222e-01,-4.356569403582288835e+00,-5.000000000000000000e+00,-5.000000000000000000e+00
4.784375000000000155e-01,-1.571340617643393722e+00,-2.142857142857142794e+00,-7.142857142857144126e-01
4.787500000000000089e-01,-1.357425035161132776e+00,-7.142857142857144126e-01,-7.142857142857144126e-01
4.790625000000000022e-01,-3.733244922461226079e+00,-3.571428571428571175e+00,-3.571428571428571175e+00
4.793749999999999956e-01,-3.080924261431798428e+00,-3.571428571428571175e+00,-3.571428571428571175e+00
4.796874999999999889e-01,5.433595306093188526e-01,7.142857142857144126e-01,7.142857142857144126e-01
4.799999999999999822e-01,1.414213562373058508e+00,7.142857142857144126e-01,7.142857142857144126e-01
4.803125000000000311e-01,-5.433595306098870648e-01,-7.142857142857144126e-01,-7.142857142857144126e-01
4.806250000000000244e-01,2.524971366861310518e-01,7.142857142857144126e-01,-7.142857142857144126e-01
4.809375000000000178e-01,3.733244922461382398e+00,3.571428571428571175e+00,3.571428571428571175e+00
4.812500000000000111e-01,4.185852159906671588e+00,3.571428571428571175e+00,5.000000000000000000e+00
4.815625000000000044e-01,1.571340617643620430e+00,2.142857142857143238e+00,7.142857142857144126e-01
4.818749999999999978e-01,1.528142278836696288e+00,2.142857142857143238e+00,2.142857142857143238e+00
4.821874999999999911e-01,4.059977355418532774e+00,3.571428571428571175e+00,3.571428571428571175e+00
4.824999999999999845e-01,3.535533905932929599e+00,3.571428571428571175e+00,3.571428571428571175e+00
4.828125000000000333e-01,-2.335189534763415509e-05,-7.142857142857144126e-01,-7.142857142857144126e-01
4.831250000000000266e-01,-8.289425963243433060e-01,-7.142857142857144126e-01,-7.142857142857144126e-01
4.834375000000000200e-01,1.120162141384447585e+00,7.142857142857144126e-01,7.142857142857144126e-01
4.837500000000000133e-01,2.661632652775762775e-01,7.142857142857144126e-01,-7.142857142857144126e-01
4.840625000000000067e-01,-3.317393414864448609e+00,-3.571428571428571175e+00,-3.571428571428571175e+00
4.843750000000000000e-01,-3.908622399280627935e+00,-3.571428571428571175e+00,-3.571428571428571175e+00
4.846874999999999933e-01,-1.456607444823253328e+00,-2.142857142857142794e+00,-7.142857142857144126e-01
4.849999999999999867e-01,-1.585786437626766743e+00,-2.142857142857142794e+00,-7.142857142857144126e-01
4.853125000000000355e-01,-4.285034569569820206e+00,-3.571428571428571175e+00,-3.571428571428571175e+00
4.856250000000000289e-01,-3.908622399280354820e+00,-3.571428571428571175e+00,-5.000000000000000000e+00
4.859375000000000222e-01,-4.889662901172735499e-01,-7.142857142857144126e-01,-7.142857142857144126e-01
4.862500000000000155e-01,2.661632652776073638e-01,7.142857142857144126e-01,7.142857142857144126e-01
4.865625000000000089e-01,-1.708264983362141498e+00,-2.142857142857142794e+00,-2.142857142857142794e+00
4.868750000000000022e-01,-8.289425963247880613e-01,-7.142857142857144126e-01,-7.142857142857144126e-01
4.871874999999999956e-01,2.828403772851181053e+00,2.142857142857143238e+00,3.571428571428571175e+00
4.874999999999999889e-01,3.535533905932908283e+00,3.571428571428571175e+00,3.571428571428571175e+00
4.878125000000000377e-01,1.231550230671317081e+00,7.142857142857144126e-01,7.142857142857144126e-01
4.881250000000000311e-01,1.528142278836859269e+00,2.142857142857143238e+00,2.142857142857143238e+00
4.884375000000000244e-01,4.399767742390181091e+00,5.000000000000000000e+00,3.571428571428571175e+00
4.887500000000000178e-01,4.185852159906867875e+00,3.571428571428571175e+00,5.000000000000000000e+00
4.890625000000000111e-01,9.048177977148457174e-01,7.142857142857144126e-01,7.142857142857144126e-01
4.893750000000000044e-01,2.524971366856227917e-01,7.142857142857144126e-01,7.142857142857144126e-01
4.896874999999999978e-01,2.285067594136700464e+00,2.142857142857143238e+00,2.142857142857143238e+00
4.899999999999999911e-01,1.414213562372861999e+00,7.142857142857144126e-01,2.142857142857143238e+00
4.903124999999999845e-01,-2.285067594136401148e+00,-2.142857142857142794e+00,-2.142857142857142794e+00
4.906250000000000333e-01,-3.080924261431724709e+00,-3.571428571428571175e+00,-3.571428571428571175e+00
4.909375000000000266e-01,-9.048177977146489859e-01,-7.142857142857144126e-01,-7.142857142857144126e-01
4.912500000000000200e-01,-1.357425035160815696e+00,-7.142857142857144126e-01,-7.142857142857144126e-01
4.915625000000000133e-01,-4.399767742389947500e+00,-5.000000000000000000e+00,-3.571428571428571175e+00
4.918750000000000067e-01,-4.356569403582309263e+00,-5.000000000000000000e+00,-5.000000000000000000e+00
4.921875000000000000e-01,-1.231550230671887292e+00,-7.142857142857144126e-01,-2.142857142857142794e+00
4.924999999999999933e-01,-7.071067811869322650e-01,-7.142857142857144126e-01,-7.142857142857144126e-01
4.928124999999999867e-01,-2.828403772851147302e+00,-2.142857142857142794e+00,-2.142857142857142794e+00
4.931250000000000355e-01,-1.999484528421238805e+00,-2.142857142857142794e+00,-2.142857142857142794e+00
4.934375000000000289e-01,1.708264983362175471e+00,2.142857142857143238e+00,2.142857142857143238e+00
4.937500000000000222e-01,2.562263859467697635e+00,2.142857142857143238e+00,2.142857142857143238e+00
4.940625000000000155e-01,4.889662901176645704e-01,7.142857142857144126e-01,7.142857142857144126e-01
4.943750000000000089e-01,1.080195274534953453e+00,7.142857142857144126e-01,7.142857142857144126e-01
4.946875000000000022e-01,4.285034569569713625e+00,3.571428571428571175e+00,3.571428571428571175e+00
4.949999999999999956e-01,4.414213562372833799e+00,5.000000000000000000e+00,5.000000000000000000e+00
4.953124999999999889e-01,1.456607444823710296e+00,2.142857142857143238e+00,7.142857142857144126e-01
4.956250000000000377e-01,1.080195274535275640e+00,7.142857142857144126e-01,7.142857142857144126e-01
4.959375000000000311e-01,3.317393414864287848e+00,3.571428571428571175e+00,3.571428571428571175e+00
4.962500000000000244e-01,2.562263859467809546e+00,2.142857142857143238e+00,2.142857142857143238e+00
4.965625000000000178e-01,-1.120162141384481114e+00,-7.142857142857144126e-01,-7.142857142857144126e-01
4.968750000000000111e-01,-1.999484528421121343e+00,-2.142857142857142794e+00,-2.142857142857142794e+00
4.971875000000000044e-01,2.335189512137070267e-05,7.142857142857144126e-01,7.142857142857144126e-01
4.974999999999999978e-01,-7.071067811866504904e-01,-7.142857142857144126e-01,-7.142857142857144126e-01
4.978124999999999911e-01,-4.059977355417929701e+00,-3.571428571428571175e+00,-5.000000000000000000e+00
4.981249999999999845e-01,-4.356569403582739142e+00,-5.000000000000000000e+00,-3.571428571428571175e+00
4.984375000000000333e-01,-1.571340617643240734e+00,-2.142857142857142794e+00,-2.142857142857142794e+00
4.987500000000000266e-01,-1.357425035161232030e+00,-7.142857142857144126e-01,-2.142857142857142794e+00
4.990625000000000200e-01,-3.733244922461396165e+00,-3.571428571428571175e+00,-5.000000000000000000e+00
4.993750000000000133e-01,-3.080924261431662980e+00,-3.571428571428571175e+00,-3.571428571428571175e+00
4.996875000000000067e-01,5.433595306096143940e-01,7.142857142857144126e-01,7.142857142857144126e-01
5.000000000000000000e-01,1.414213562372879762e+00,7.142857142857144126e-01,7.142857142857144126e-01
5.003125000000000488e-01,-5.433595306100647004e-01,-7.142857142857144126e-01,-7.142857142857144126e-01
5.006249999999999867e-01,2.524971366856239019e-01,7.142857142857144126e-01,-7.142857142857144126e-01
5.009375000000000355e-01,3.733244922461522730e+00,3.571428571428571175e+00,3.571428571428571175e+00
5.012499999999999734e-01,4.185852159907085479e+00,3.571428571428571175e+00,3.571428571428571175e+00
5.015625000000000222e-01,1.571340617643479431e+00,2.142857142857143238e+00,2.142857142857143238e+00
5.018749999999999600e-01,1.528142278836246204e+00,2.142857142857143238e+00,7.142857142857144126e-01
5.021875000000000089e-01,4.059977355418698863e+00,3.571428571428571175e+00,5.000000000000000000e+00
5.025000000000000577e-01,3.535533905931906418e+00,3.571428571428571175e+00,3.571428571428571175e+00
5.028124999999999956e-01,-2.335189533164694353e-05,-7.142857142857144126e-01,7.142857142857144126e-01
5.031250000000000444e-01,-8.289425963241650042e-01,-7.142857142857144126e-01,-7.142857142857144126e-01
5.034374999999999822e-01,1.120162141384626331e+00,7.142857142857144126e-01,7.142857142857144126e-01
5.037500000000000311e-01,2.661632652774426067e-01,7.142857142857144126e-01,7.142857142857144126e-01
5.040624999999999689e-01,-3.317393414863810897e+00,-3.571428571428571175e+00,-3.571428571428571175e+00
5.043750000000000178e-01,-3.908622399280554660e+00,-3.571428571428571175e+00,-3.571428571428571175e+00
5.046874999999999556e-01,-1.456607444823684760e+00,-2.142857142857142794e+00,-7.142857142857144126e-01
5.050000000000000044e-01,-1.585786437626921952e+00,-2.142857142857142794e+00,-7.142857142857144126e-01
5.053125000000000533e-01,-4.285034569569932117e+00,-3.571428571428571175e+00,-3.571428571428571175e+00
5.056249999999999911e-01,-3.908622399280950788e+00,-3.571428571428571175e+00,-3.571428571428571175e+00
5.059375000000000400e-01,-4.889662901171369924e-01,-7.142857142857144126e-01,-7.142857142857144126e-01
5.062499999999999778e-01,2.661632652780736574e-01,7.142857142857144126e-01,7.142857142857144126e-01
5.065625000000000266e-01,-1.708264983362320022e+00,-2.142857142857142794e+00,-2.142857142857142794e+00
5.068749999999999645e-01,-8.289425963248231444e-01,-7.142857142857144126e-01,-7.142857142857144126e-01
5.071875000000000133e-01,2.828403772851465714e+00,2.142857142857143238e+00,3.571428571428571175e+00
5.075000000000000622e-01,3.535533905932213727e+00,3.571428571428571175e+00,3.571428571428571175e+00
5.078125000000000000e-01,1.231550230671713653e+00,7.142857142857144126e-01,2.142857142857143238e+00
5.081250000000000488e-01,1.528142278837043344e+00,2.142857142857143238e+00,7.142857142857144126e-01
5.084374999999999867e-01,4.399767742389711245e+00,5.000000000000000000e+00,5.000000000000000000e+00
5.087500000000000355e-01,4.185852159906721326e+00,3.571428571428571175e+00,3.571428571428571175e+00
5.090624999999999734e-01,9.048177977153486484e-01,7.142857142857144126e-01,7.142857142857144126e-01
5.093750000000000222e-01,2.524971366857979849e-01,7.142857142857144126e-01,7.142857142857144126e-01
5.096874999999999600e-01,2.285067594136398483e+00,2.142857142857143238e+00,2.142857142857143238e+00
5.100000000000000089e-01,1.414213562373202837e+00,7.142857142857144126e-01,2.142857142857143238e+00
5.103125000000000577e-01,-2.285067594137339952e+00,-2.142857142857142794e+00,-2.142857142857142794e+00
5.106249999999999956e-01,-3.080924261431408073e+00,-3.571428571428571175e+00,-2.142857142857142794e+00
5.109375000000000444e-01,-9.048177977145870354e-01,-7.142857142857144126e-01,-7.142857142857144126e-01
5.112499999999999822e-01,-1.357425035160896964e+00,-7.142857142857144126e-01,-2.142857142857142794e+00
5.115625000000000311e-01,-4.399767742390100267e+00,-5.000000000000000000e+00,-5.000000000000000000e+00
5.118749999999999689e-01,-4.356569403582801314e+00,-5.000000000000000000e+00,-3.571428571428571175e+00
5.121875000000000178e-01,-1.231550230671742963e+00,-7.142857142857144126e-01,-7.142857142857144126e-01
5.124999999999999556e-01,-7.071067811865816566e-01,-7.142857142857144126e-01,-7.142857142857144126e-01
5.128125000000000044e-01,-2.828403772851173059e+00,-2.142857142857142794e+00,-2.142857142857142794e+00
5.131250000000000533e-01,-1.999484528421106688e+00,-2.142857142857142794e+00,-2.142857142857142794e+00
5.134374999999999911e-01,1.708264983361494682e+00,2.142857142857143238e+00,2.142857142857143238e+00
5.137500000000000400e-01,2.562263859468321137e+00,2.142857142857143238e+00,2.142857142857143238e+00
5.140624999999999778e-01,4.889662901180025223e-01,7.142857142857144126e-01,7.142857142857144126e-01
5.143750000000000266e-01,1.080195274535096006e+00,7.142857142857144126e-01,7.142857142857144126e-01
5.146874999999999645e-01,4.285034569569862839e+00,3.571428571428571175e+00,5.000000000000000000e+00
5.150000000000000133e-01,4.414213562372678368e+00,5.000000000000000000e+00,5.000000000000000000e+00
5.153125000000000622e-01,1.456607444822869413e+00,2.142857142857143238e+00,2.142857142857143238e+00
5.156250000000000000e-01,1.080195274534800687e+00,7.142857142857144126e-01,7.142857142857144126e-01
5.159375000000000488e-01,3.317393414864461043e+00,3.571428571428571175e+00,3.571428571428571175e+00
5.162499999999999867e-01,2.562263859468477456e+00,2.142857142857143238e+00,2.142857142857143238e+00
5.165625000000000355e-01,-1.120162141384782428e+00,-7.142857142857144126e-01,-7.142857142857144126e-01
5.168749999999999734e-01,-1.999484528421418883e+00,-2.142857142857142794e+00,-2.142857142857142794e+00
5.171875000000000222e-01,2.335189529700798516e-05,7.142857142857144126e-01,7.142857142857144126e-01
5.174999999999999600e-01,-7.071067811861457830e-01,-7.142857142857144126e-01,-7.142857142857144126e-01
5.178125000000000089e-01,-4.059977355418073586e+00,-3.571428571428571175e+00,-5.000000000000000000e+00
5.181250000000000577e-01,-4.356569403581969091e+00,-5.000000000000000000e+00,-5.000000000000000000e+00
5.184374999999999956e-01,-1.571340617643088189e+00,-2.142857142857142794e+00,-2.142857142857142794e+00
5.187500000000000444e-01,-1.357425035161396121e+00,-7.142857142857144126e-01,-7.142857142857144126e-01
5.190624999999999822e-01,-3.733244922461674609e+00,-3.571428571428571175e+00,-3.571428571428571175e+00
5.193750000000000311e-01,-3.080924261431385425e+00,-3.571428571428571175e+00,-2.142857142857142794e+00
5.196874999999999689e-01,5.433595306095840849e-01,7.142857142857144126e-01,7.142857142857144126e-01
5.200000000000000178e-01,1.414213562372701016e+00,7.142857142857144126e-01,2.142857142857143238e+00
5.203124999999999556e-01,-5.433595306097624977e-01,-7.142857142857144126e-01,-7.142857142857144126e-01
5.206250000000000044e-01,2.524971366857595712e-01,7.142857142857144126e-01,-7.142857142857144126e-01
5.209375000000000533e-01,3.733244922461662618e+00,3.571428571428571175e+00,5.000000000000000000e+00
5.212499999999999911e-01,4.185852159906986003e+00,3.571428571428571175e+00,3.571428571428571175e+00
5.215625000000000400e-01,1.571340617643322446e+00,2.142857142857143238e+00,2.142857142857143238e+00
5.218749999999999778e-01,1.528142278836406298e+00,2.142857142857143238e+00,7.142857142857144126e-01
5.221875000000000266e-01,4.059977355418785017e+00,3.571428571428571175e+00,5.000000000000000000e+00
5.224999999999999645e-01,3.535533905933295529e+00,3.571428571428571175e+00,3.571428571428571175e+00
5.228125000000000133e-01,-2.335189546620597412e-05,-7.142857142857144126e-01,7.142857142857144126e-01
5.231250000000000622e-01,-8.289425963241540130e-01,-7.142857142857144126e-01,-7.142857142857144126e-01
5.234375000000000000e-01,1.120162141384804855e+00,7.142857142857144126e-01,7.142857142857144126e-01
5.237500000000000488e-01,2.661632652773091579e-01,7.142857142857144126e-01,-7.142857142857144126e-01
5.240624999999999867e-01,-3.317393414864079570e+00,-3.571428571428571175e+00,-3.571428571428571175e+00
5.243750000000000355e-01,-3.908622399280385906e+00,-3.571428571428571175e+00,-5.000000000000000000e+00
5.246874999999999734e-01,-1.456607444823572406e+00,-2.142857142857142794e+00,-7.142857142857144126e-01
5.250000000000000222e-01,-1.585786437627077161e+00,-2.142857142857142794e+00,-2.142857142857142794e+00
5.253124999999999600e-01,-4.285034569569550200e+00,-3.571428571428571175e+00,-3.571428571428571175e+00
5.256250000000000089e-01,-3.908622399280808679e+00,-3.571428571428571175e+00,-3.571428571428571175e+00
5.259375000000000577e-01,-4.889662901175111376e-01,-7.142857142857144126e-01,-7.142857142857144126e-01
5.262499999999999956e-01,2.661632652778964658e-01,7.142857142857144126e-01,-7.142857142857144126e-01
5.265625000000000444e-01,-1.708264983362498768e+00,-2.142857142857142794e+00,-7.142857142857144126e-01
5.268749999999999822e-01,-8.289425963245237172e-01,-7.142857142857144126e-01,-7.142857142857144126e-01
5.271875000000000311e-01,2.828403772851600273e+00,2.142857142857143238e+00,2.142857142857143238e+00
5.274999999999999689e-01,3.535533905932564558e+00,3.571428571428571175e+00,3.571428571428571175e+00
5.278125000000000178e-01,1.231550230671627943e+00,7.142857142857144126e-01,2.142857142857143238e+00
5.281249999999999556e-01,1.528142278836484458e+00,2.142857142857143238e+00,7.142857142857144126e-01
5.284375000000000044e-01,4.399767742389869341e+00,5.000000000000000000e+00,5.000000000000000000e+00
5.287500000000000533e-01,4.185852159906509939e+00,3.571428571428571175e+00,3.571428571428571175e+00
5.290624999999999911e-01,9.048177977152085383e-01,7.142857142857144126e-01,7.142857142857144126e-01
5.293750000000000400e-01,2.524971366859725119e-01,7.142857142857144126e-01,7.142857142857144126e-01
5.296874999999999778e-01,2.285067594136412694e+00,2.142857142857143238e+00,2.142857142857143238e+00
5.300000000000000266e-01,1.414213562373071165e+00,7.142857142857144126e-01,7.142857142857144126e-01
5.303124999999999645e-01,-2.285067594136023672e+00,-2.142857142857142794e+00,-2.142857142857142794e+00
5.306250000000000133e-01,-3.080924261431374767e+00,-3.571428571428571175e+00,-2.142857142857142794e+00
5.309375000000000622e-01,-9.048177977144165052e-01,-7.142857142857144126e-01,-7.142857142857144126e-01
5.312500000000000000e-01,-1.357425035161108129e+00,-7.142857142857144126e-01,-7.142857142857144126e-01
5.315625000000000488e-01,-4.399767742390270797e+00,-5.000000000000000000e+00,-5.000000000000000000e+00
5.318749999999999867e-01,-4.356569403582650324e+00,-5.000000000000000000e+00,-5.000000000000000000e+00
5.321875000000000355e-01,-1.231550230671598412e+00,-7.142857142857144126e-01,-7.142857142857144126e-01
5.324999999999999734e-01,-7.071067811866329489e-01,-7.142857142857144126e-01,-7.142857142857144126e-01
5.328125000000000222e-01,-2.828403772851348918e+00,-2.142857142857142794e+00,-3.571428571428571175e+00
5.331249999999999600e-01,-1.999484528421785257e+00,-2.142857142857142794e+00,-2.142857142857142794e+00
5.334375000000000089e-01,1.708264983361795775e+00,2.142857142857143238e+00,7.142857142857144126e-01
5.337500000000000577e-01,2.562263859468144389e+00,2.142857142857143238e+00,2.142857142857143238e+00
5.340624999999999956e-01,4.889662901179610000e-01,7.142857142857144126e-01,7.142857142857144126e-01
5.343750000000000444e-01,1.080195274535332928e+00,7.142857142857144126e-01,7.142857142857144126e-01
5.346874999999999822e-01,4.285034569569367235e+00,3.571428571428571175e+00,3.571428571428571175e+00
5.350000000000000311e-01,4.414213562372523825e+00,5.000000000000000000e+00,5.000000000000000000e+00
5.353124999999999689e-01,1.456607444823413644e+00,2.142857142857143238e+00,7.142857142857144126e-01
5.356250000000000178e-01,1.080195274534969219e+00,7.142857142857144126e-01,7.142857142857144126e-01
5.359375000000000666e-01,3.317393414864635126e+00,3.571428571428571175e+00,3.571428571428571175e+00
5.362500000000000044e-01,2.562263859468186133e+00,2.142857142857143238e+00,2.142857142857143238e+00
5.365625000000000533e-01,-1.120162141384914323e+00,-7.142857142857144126e-01,-7.142857142857144126e-01
5.368749999999999911e-01,-1.999484528421407781e+00,-2.142857142857142794e+00,-7.142857142857144126e-01
5.371875000000000400e-01,2.335189532276515934e-05,7.142857142857144126e-01,-7.142857142857144126e-01
5.374999999999999778e-01,-7.071067811862845609e-01,-7.142857142857144126e-01,-7.142857142857144126e-01
5.378125000000000266e-01,-4.059977355418217471e+00,-3.571428571428571175e+00,-5.000000000000000000e+00
5.381249999999999645e-01,-4.356569403583062439e+00,-5.000000000000000000e+00,-5.000000000000000000e+00
5.384375000000000133e-01,-1.571340617643578241e+00,-2.142857142857142794e+00,-2.142857142857142794e+00
5.387500000000000622e-01,-1.357425035161560212e+00,-7.142857142857144126e-01,-7.142857142857144126e-01
5.390625000000000000e-01,-3.733244922461736781e+00,-3.571428571428571175e+00,-5.000000000000000000e+00
5.393750000000000488e-01,-3.080924261431249978e+00,-3.571428571428571175e+00,-3.571428571428571175e+00
5.396874999999999867e-01,5.433595306098799593e-01,7.142857142857144126e-01,7.142857142857144126e-01
5.400000000000000355e-01,1.414213562372692579e+00,7.142857142857144126e-01,2.142857142857143238e+00
5.403124999999999734e-01,-5.433595306099402444e-01,-7.142857142857144126e-01,-7.142857142857144126e-01
5.406250000000000222e-01,2.524971366860369049e-01,7.142857142857144126e-01,-7.142857142857144126e-01
5.409374999999999600e-01,3.733244922461051551e+00,3.571428571428571175e+00,3.571428571428571175e+00
5.412500000000000089e-01,4.185852159906822578e+00,3.571428571428571175e+00,3.571428571428571175e+00
5.415625000000000577e-01,1.571340617643164572e+00,2.142857142857143238e+00,2.142857142857143238e+00
5.418749999999999956e-01,1.528142278836532864e+00,2.142857142857143238e+00,7.142857142857144126e-01
5.421875000000000444e-01,4.059977355418308065e+00,3.571428571428571175e+00,5.000000000000000000e+00
5.424999999999999822e-01,3.535533905933036181e+00,3.571428571428571175e+00,3.571428571428571175e+00
5.428125000000000311e-01,-2.335189575086715763e-05,-7.142857142857144126e-01,-7.142857142857144126e-01
5.431249999999999689e-01,-8.289425963242843531e-01,-7.142857142857144126e-01,-7.142857142857144126e-01
5.434375000000000178e-01,1.120162141384813737e+00,7.142857142857144126e-01,7.142857142857144126e-01
5.437500000000000666e-01,2.661632652771754870e-01,7.142857142857144126e-01,7.142857142857144126e-01
5.440625000000000044e-01,-3.317393414864216794e+00,-3.571428571428571175e+00,-3.571428571428571175e+00
5.443750000000000533e-01,-3.908622399280313076e+00,-3.571428571428571175e+00,-3.571428571428571175e+00
5.446874999999999911e-01,-1.456607444823360797e+00,-2.142857142857142794e+00,-2.142857142857142794e+00
5.450000000000000400e-01,-1.585786437627232370e+00,-2.142857142857142794e+00,-2.142857142857142794e+00
5.453124999999999778e-01,-4.285034569569662111e+00,-3.571428571428571175e+00,-5.000000000000000000e+00
5.456250000000000266e-01,-3.908622399280666571e+00,-3.571428571428571175e+00,-5.000000000000000000e+00
5.459374999999999645e-01,-4.889662901182807442e-01,-7.142857142857144126e-01,-7.142857142857144126e-01
5.462500000000000133e-01,2.661632652778769259e-01,7.142857142857144126e-01,7.142857142857144126e-01
5.465625000000000622e-01,-1.708264983362677292e+00,-2.142857142857142794e+00,-2.142857142857142794e+00
5.468750000000000000e-01,-8.289425963243916007e-01,-7.142857142857144126e-01,-7.142857142857144126e-01
5.471875000000000488e-01,2.828403772851885378e+00,2.142857142857143238e+00,2.142857142857143238e+00
5.474999999999999867e-01,3.535533905932271903e+00,3.571428571428571175e+00,2.142857142857143238e+00
5.478125000000000355e-01,1.231550230671461188e+00,7.142857142857144126e-01,7.142857142857144126e-01
5.481249999999999734e-01,1.528142278836668089e+00,2.142857142857143238e+00,2.142857142857143238e+00
5.484375000000000222e-01,4.399767742390027436e+00,5.000000000000000000e+00,5.000000000000000000e+00
5.487499999999999600e-01,4.185852159907136993e+00,3.571428571428571175e+00,5.000000000000000000e+00
5.490625000000000089e-01,9.048177977149600704e-01,7.142857142857144126e-01,7.142857142857144126e-01
5.493750000000000577e-01,2.524971366861472610e-01,7.142857142857144126e-01,-7.142857142857144126e-01
5.496874999999999956e-01,2.285067594136590774e+00,2.142857142857143238e+00,2.142857142857143238e+00
5.500000000000000444e-01,1.414213562372768962e+00,7.142857142857144126e-01,7.142857142857144126e-01
5.503124999999999822e-01,-2.285067594135993030e+00,-2.142857142857142794e+00,-2.142857142857142794e+00
5.506250000000000311e-01,-3.080924261431200240e+00,-3.571428571428571175e+00,-3.571428571428571175e+00
5.509374999999999689e-01,-9.048177977154245877e-01,-7.142857142857144126e-01,-7.142857142857144126e-01
5.512500000000000178e-01,-1.357425035161189175e+00,-7.142857142857144126e-01,-2.142857142857142794e+00
5.515625000000000666e-01,-4.399767742390422676e+00,-5.000000000000000000e+00,-5.000000000000000000e+00
5.518750000000000044e-01,-4.356569403582466471e+00,-5.000000000000000000e+00,-3.571428571428571175e+00
5.521875000000000533e-01,-1.231550230671454749e+00,-7.142857142857144126e-01,-7.142857142857144126e-01
5.524999999999999911e-01,-7.071067811868045894e-01,-7.142857142857144126e-01,-7.142857142857144126e-01
5.528125000000000400e-01,-2.828403772851374676e+00,-2.142857142857142794e+00,-3.571428571428571175e+00
5.531249999999999778e-01,-1.999484528421819896e+00,-2.142857142857142794e+00,-2.142857142857142794e+00
5.534375000000000266e-01,1.708264983361927891e+00,2.142857142857143238e+00,2.142857142857143238e+00
5.537499999999999645e-01,2.562263859468452587e+00,2.142857142857143238e+00,3.571428571428571175e+00
5.540625000000000133e-01,4.889662901176556886e-01,7.142857142857144126e-01,7.142857142857144126e-01
5.543750000000000622e-01,1.080195274535475258e+00,7.142857142857144126e-01,2.142857142857143238e+00
5.546875000000000000e-01,4.285034569569565299e+00,3.571428571428571175e+00,3.571428571428571175e+00
5.550000000000000488e-01,4.414213562372368393e+00,5.000000000000000000e+00,5.000000000000000000e+00
5.553124999999999867e-01,1.456607444823265540e+00,2.142857142857143238e+00,7.142857142857144126e-01
5.556250000000000355e-01,1.080195274535042715e+00,7.142857142857144126e-01,7.142857142857144126e-01
5.559374999999999734e-01,3.317393414864165280e+00,3.571428571428571175e+00,3.571428571428571175e+00
5.562500000000000222e-01,2.562263859468052907e+00,2.142857142857143238e+00,2.142857142857143238e+00
5.565624999999999600e-01,-1.120162141384233312e+00,-7.142857142857144126e-01,-7.142857142857144126e-01
5.568750000000000089e-01,-1.999484528421062279e+00,-2.142857142857142794e+00,-2.142857142857142794e+00
5.571875000000000577e-01,2.335189549884653104e-05,7.142857142857144126e-01,7.142857142857144126e-01
5.574999999999999956e-01,-7.071067811865436870e-01,-7.142857142857144126e-01,-7.142857142857144126e-01
5.578125000000000444e-01,-4.059977355418361356e+00,-3.571428571428571175e+00,-3.571428571428571175e+00
5.581249999999999822e-01,-4.356569403582902567e+00,-5.000000000000000000e+00,-3.571428571428571175e+00
5.584375000000000311e-01,-1.571340617643408821e+00,-2.142857142857142794e+00,-7.142857142857144126e-01
5.587499999999999689e-01,-1.357425035160437998e+00,-7.142857142857144126e-01,-2.142857142857142794e+00
5.590625000000000178e-01,-3.733244922461906867e+00,-3.571428571428571175e+00,-3.571428571428571175e+00
5.593750000000000666e-01,-3.080924261430972422e+00,-3.571428571428571175e+00,-3.571428571428571175e+00
5.596875000000000044e-01,5.433595306098495392e-01,7.142857142857144126e-01,7.142857142857144126e-01
5.600000000000000533e-01,1.414213562372513833e+00,7.142857142857144126e-01,2.142857142857143238e+00
5.603124999999999911e-01,-5.433595306099550104e-01,-7.142857142857144126e-01,-7.142857142857144126e-01
5.606250000000000400e-01,2.524971366860309097e-01,7.142857142857144126e-01,-7.142857142857144126e-01
5.609374999999999778e-01,3.733244922461192772e+00,3.571428571428571175e+00,3.571428571428571175e+00
5.612500000000000266e-01,4.185852159906723102e+00,3.571428571428571175e+00,5.000000000000000000e+00
5.615624999999999645e-01,1.571340617643650184e+00,2.142857142857143238e+00,7.142857142857144126e-01
5.618750000000000133e-01,1.528142278836692292e+00,2.142857142857143238e+00,7.142857142857144126e-01
5.621875000000000622e-01,4.059977355418393330e+00,3.571428571428571175e+00,3.571428571428571175e+00
5.625000000000000000e-01,3.535533905932777277e+00,3.571428571428571175e+00,3.571428571428571175e+00
5.628125000000000488e-01,-2.335189588564823282e-05,-7.142857142857144126e-01,7.142857142857144126e-01
5.631249999999999867e-01,-8.289425963242732509e-01,-7.142857142857144126e-01,-7.142857142857144126e-01
5.634375000000000355e-01,1.120162141385162125e+00,7.142857142857144126e-01,7.142857142857144126e-01
5.637499999999999734e-01,2.661632652778427310e-01,7.142857142857144126e-01,7.142857142857144126e-01
5.640625000000000222e-01,-3.317393414864485912e+00,-3.571428571428571175e+00,-3.571428571428571175e+00
5.643749999999999600e-01,-3.908622399280692772e+00,-3.571428571428571175e+00,-3.571428571428571175e+00
5.646875000000000089e-01,-1.456607444823248221e+00,-2.142857142857142794e+00,-2.142857142857142794e+00
5.650000000000000577e-01,-1.585786437627387579e+00,-2.142857142857142794e+00,-2.142857142857142794e+00
5.653124999999999956e-01,-4.285034569569774909e+00,-3.571428571428571175e+00,-5.000000000000000000e+00
5.656250000000000444e-01,-3.908622399280429427e+00,-3.571428571428571175e+00,-3.571428571428571175e+00
5.659374999999999822e-01,-4.889662901180120702e-01,-7.142857142857144126e-01,-7.142857142857144126e-01
5.662500000000000311e-01,2.661632652775427488e-01,7.142857142857144126e-01,-7.142857142857144126e-01
5.665624999999999689e-01,-1.708264983361739597e+00,-2.142857142857142794e+00,-2.142857142857142794e+00
5.668750000000000178e-01,-8.289425963247352147e-01,-7.142857142857144126e-01,-7.142857142857144126e-01
5.671875000000000666e-01,2.828403772851869391e+00,2.142857142857143238e+00,3.571428571428571175e+00
5.675000000000000044e-01,3.535533905932220833e+00,3.571428571428571175e+00,3.571428571428571175e+00
5.678125000000000533e-01,1.231550230671375257e+00,7.142857142857144126e-01,2.142857142857143238e+00
5.681249999999999911e-01,1.528142278836851720e+00,2.142857142857143238e+00,2.142857142857143238e+00
5.684375000000000400e-01,4.399767742390167768e+00,5.000000000000000000e+00,3.571428571428571175e+00
5.687499999999999778e-01,4.185852159906925607e+00,3.571428571428571175e+00,3.571428571428571175e+00
5.690625000000000266e-01,9.048177977149278739e-01,7.142857142857144126e-01,7.142857142857144126e-01
5.693749999999999645e-01,2.524971366858208555e-01,7.142857142857144126e-01,7.142857142857144126e-01
5.696875000000000133e-01,2.285067594136605429e+00,2.142857142857143238e+00,2.142857142857143238e+00
5.700000000000000622e-01,1.414213562372807820e+00,7.142857142857144126e-01,2.142857142857143238e+00
5.703125000000000000e-01,-2.285067594136288793e+00,-2.142857142857142794e+00,-2.142857142857142794e+00
5.706250000000000488e-01,-3.080924261431810862e+00,-3.571428571428571175e+00,-3.571428571428571175e+00
5.709374999999999867e-01,-9.048177977153626372e-01,-7.142857142857144126e-01,-7.142857142857144126e-01
5.712500000000000355e-01,-1.357425035161400784e+00,-7.142857142857144126e-01,-7.142857142857144126e-01
5.715624999999999734e-01,-4.399767742389916414e+00,-5.000000000000000000e+00,-5.000000000000000000e+00
5.718750000000000222e-01,-4.356569403582282618e+00,-5.000000000000000000e+00,-3.571428571428571175e+00
5.721874999999999600e-01,-1.231550230672033619e+00,-7.142857142857144126e-01,-7.142857142857144126e-01
5.725000000000000089e-01,-7.071067811868558817e-01,-7.142857142857144126e-01,-7.142857142857144126e-01
5.728125000000000577e-01,-2.828403772851700637e+00,-2.142857142857142794e+00,-2.142857142857142794e+00
5.731249999999999956e-01,-1.999484528421520579e+00,-2.142857142857142794e+00,-2.142857142857142794e+00
5.734375000000000444e-01,1.708264983362229428e+00,2.142857142857143238e+00,2.142857142857143238e+00
5.737499999999999822e-01,2.562263859468433047e+00,2.142857142857143238e+00,2.142857142857143238e+00
5.740625000000000311e-01,4.889662901176141663e-01,7.142857142857144126e-01,7.142857142857144126e-01
5.743749999999999689e-01,1.080195274534235805e+00,7.142857142857144126e-01,2.142857142857143238e+00
5.746875000000000178e-01,4.285034569569763363e+00,3.571428571428571175e+00,3.571428571428571175e+00
5.750000000000000666e-01,4.414213562372212962e+00,5.000000000000000000e+00,3.571428571428571175e+00
5.753125000000000044e-01,1.456607444823067699e+00,2.142857142857143238e+00,7.142857142857144126e-01
5.756250000000000533e-01,1.080195274535305838e+00,7.142857142857144126e-01,7.142857142857144126e-01
5.759374999999999911e-01,3.317393414864470369e+00,3.571428571428571175e+00,3.571428571428571175e+00
5.762500000000000400e-01,2.562263859467761584e+00,2.142857142857143238e+00,3.571428571428571175e+00
5.765624999999999778e-01,-1.120162141384534848e+00,-7.142857142857144126e-01,-2.142857142857142794e+00
5.768750000000000266e-01,-1.999484528421051177e+00,-2.142857142857142794e+00,-2.142857142857142794e+00
5.771874999999999645e-01,2.335189518198887981e-05,7.142857142857144126e-01,-7.142857142857144126e-01
5.775000000000000133e-01,-7.071067811868028130e-01,-7.142857142857144126e-01,-7.142857142857144126e-01
5.778125000000000622e-01,-4.059977355418586065e+00,-3.571428571428571175e+00,-3.571428571428571175e+00
5.781250000000000000e-01,-4.356569403582775557e+00,-5.000000000000000000e+00,-5.000000000000000000e+00
5.784375000000000488e-01,-1.571340617643238957e+00,-2.142857142857142794e+00,-7.142857142857144126e-01
5.787499999999999867e-01,-1.357425035160668036e+00,-7.142857142857144126e-01,-7.142857142857144126e-01
5.790625000000000355e-01,-3.733244922461969040e+00,-3.571428571428571175e+00,-3.571428571428571175e+00
5.793749999999999734e-01,-3.080924261432264721e+00,-3.571428571428571175e+00,-2.142857142857142794e+00
5.796875000000000222e-01,5.433595306101455247e-01,7.142857142857144126e-01,7.142857142857144126e-01
5.799999999999999600e-01,1.414213562372807598e+00,7.142857142857144126e-01,2.142857142857143238e+00
5.803125000000000089e-01,-5.433595306099694433e-01,-7.142857142857144126e-01,-7.142857142857144126e-01
5.806250000000000577e-01,2.524971366863080213e-01,7.142857142857144126e-01,7.142857142857144126e-01
5.809374999999999956e-01,3.733244922461441018e+00,3.571428571428571175e+00,3.571428571428571175e+00
5.812500000000000444e-01,4.185852159906624514e+00,3.571428571428571175e+00,5.000000000000000000e+00
5.815624999999999822e-01,1.571340617643475879e+00,2.142857142857143238e+00,2.142857142857143238e+00
5.818750000000000311e-01,1.528142278836819301e+00,2.142857142857143238e+00,7.142857142857144126e-01
5.821874999999999689e-01,4.059977355417997202e+00,3.571428571428571175e+00,3.571428571428571175e+00
5.825000000000000178e-01,3.535533905932759069e+00,3.571428571428571175e+00,3.571428571428571175e+00
5.828125000000000666e-01,-2.335189617030941633e-05,-7.142857142857144126e-01,7.142857142857144126e-01
5.831250000000000044e-01,-8.289425963249053009e-01,-7.142857142857144126e-01,-2.142857142857142794e+00
5.834375000000000533e-01,1.120162141385171006e+00,7.142857142857144126e-01,7.142857142857144126e-01
5.837499999999999911e-01,2.661632652775516306e-01,7.142857142857144126e-01,-7.142857142857144126e-01
5.840625000000000400e-01,-3.317393414864754142e+00,-3.571428571428571175e+00,-3.571428571428571175e+00
5.843749999999999778e-01,-3.908622399280429427e+00,-3.571428571428571175e+00,-3.571428571428571175e+00
5.846875000000000266e-01,-1.456607444823135644e+00,-2.142857142857142794e+00,-2.142857142857142794e+00
5.849999999999999645e-01,-1.585786437626899747e+00,-2.142857142857142794e+00,-2.142857142857142794e+00
5.853125000000000133e-01,-4.285034569569986296e+00,-3.571428571428571175e+00,-3.571428571428571175e+00
5.856250000000000622e-01,-3.908622399280192283e+00,-3.571428571428571175e+00,-3.571428571428571175e+00
5.859375000000000000e-01,-4.889662901177431742e-01,-7.142857142857144126e-01,-7.142857142857144126e-01
5.862500000000000488e-01,2.661632652775232089e-01,7.142857142857144126e-01,7.142857142857144126e-01
5.865624999999999867e-01,-1.708264983361748479e+00,-2.142857142857142794e+00,-2.142857142857142794e+00
5.868750000000000355e-01,-8.289425963244358986e-01,-7.142857142857144126e-01,-7.142857142857144126e-01
5.871874999999999734e-01,2.828403772850567321e+00,2.142857142857143238e+00,3.571428571428571175e+00
5.875000000000000222e-01,3.535533905932169318e+00,3.571428571428571175e+00,3.571428571428571175e+00
5.878124999999999600e-01,1.231550230671772050e+00,7.142857142857144126e-01,2.142857142857143238e+00
5.881250000000000089e-01,1.528142278836969625e+00,2.142857142857143238e+00,2.142857142857143238e+00
5.884375000000000577e-01,4.399767742390308101e+00,5.000000000000000000e+00,5.000000000000000000e+00
5.887499999999999956e-01,4.185852159906714220e+00,3.571428571428571175e+00,3.571428571428571175e+00
5.890625000000000444e-01,9.048177977146794060e-01,7.142857142857144126e-01,7.142857142857144126e-01
5.893749999999999822e-01,2.524971366858541622e-01,7.142857142857144126e-01,-7.142857142857144126e-01
5.896875000000000311e-01,2.285067594136620084e+00,2.142857142857143238e+00,2.142857142857143238e+00
5.899999999999999689e-01,1.414213562373489719e+00,7.142857142857144126e-01,2.142857142857143238e+00
5.903125000000000178e-01,-2.285067594136584557e+00,-2.142857142857142794e+00,-2.142857142857142794e+00
5.906250000000000666e-01,-3.080924261431777555e+00,-3.571428571428571175e+00,-3.571428571428571175e+00
5.909375000000000044e-01,-9.048177977150844153e-01,-7.142857142857144126e-01,-7.142857142857144126e-01
5.912500000000000533e-01,-1.357425035161611948e+00,-7.142857142857144126e-01,-7.142857142857144126e-01
5.915624999999999911e-01,-4.399767742390086056e+00,-5.000000000000000000e+00,-5.000000000000000000e+00
5.918750000000000400e-01,-4.356569403582165378e+00,-5.000000000000000000e+00,-3.571428571428571175e+00
5.921874999999999778e-01,-1.231550230671809132e+00,-7.142857142857144126e-01,-7.142857142857144126e-01
5.925000000000000266e-01,-7.071067811869073960e-01,-7.142857142857144126e-01,-7.142857142857144126e-01
5.928124999999999645e-01,-2.828403772851384002e+00,-2.142857142857142794e+00,-3.571428571428571175e+00
5.931250000000000133e-01,-1.999484528421221263e+00,-2.142857142857142794e+00,-2.142857142857142794e+00
5.934375000000000622e-01,1.708264983362530964e+00,2.142857142857143238e+00,2.142857142857143238e+00
5.937500000000000000e-01,2.562263859468099092e+00,2.142857142857143238e+00,2.142857142857143238e+00
5.940625000000000488e-01,4.889662901175726439e-01,7.142857142857144126e-01,-7.142857142857144126e-01
5.943749999999999867e-01,1.080195274534472727e+00,7.142857142857144126e-01,2.142857142857143238e+00
5.946875000000000355e-01,4.285034569569861951e+00,3.571428571428571175e+00,3.571428571428571175e+00
5.949999999999999734e-01,4.414213562373344502e+00,5.000000000000000000e+00,5.000000000000000000e+00
5.953125000000000222e-01,1.456607444823512898e+00,2.142857142857143238e+00,7.142857142857144126e-01
5.956249999999999600e-01,1.080195274534282879e+00,7.142857142857144126e-01,2.142857142857143238e+00
5.959375000000000089e-01,3.317393414864512113e+00,3.571428571428571175e+00,3.571428571428571175e+00
5.962500000000000577e-01,2.562263859467470262e+00,2.142857142857143238e+00,2.142857142857143238e+00
5.965624999999999956e-01,-1.120162141384496879e+00,-7.142857142857144126e-01,-2.142857142857142794e+00
5.968750000000000444e-01,-1.999484528421040075e+00,-2.142857142857142794e+00,-2.142857142857142794e+00
5.971874999999999822e-01,2.335189520774605398e-05,7.142857142857144126e-01,7.142857142857144126e-01
5.975000000000000311e-01,-7.071067811868207986e-01,-7.142857142857144126e-01,7.142857142857144126e-01
5.978124999999999689e-01,-4.059977355418006972e+00,-3.571428571428571175e+00,-3.571428571428571175e+00
5.981250000000000178e-01,-4.356569403582648548e+00,-5.000000000000000000e+00,-5.000000000000000000e+00
5.984375000000000666e-01,-1.571340617643102622e+00,-2.142857142857142794e+00,-7.142857142857144126e-01
5.987500000000000044e-01,-1.357425035160766846e+00,-7.142857142857144126e-01,-7.142857142857144126e-01
5.990625000000000533e-01,-3.733244922461388171e+00,-3.571428571428571175e+00,-3.571428571428571175e+00
5.993749999999999911e-01,-3.080924261432270939e+00,-3.571428571428571175e+00,-3.571428571428571175e+00
5.996875000000000400e-01,5.433595306104412881e-01,7.142857142857144126e-01,7.142857142857144126e-01
5.999999999999999778e-01,1.414213562372799382e+00,7.142857142857144126e-01,2.142857142857143238e+00
6.003125000000000266e-01,-5.433595306103105038e-01,-7.142857142857144126e-01,-7.142857142857144126e-01
6.006249999999999645e-01,2.524971366856589849e-01,7.142857142857144126e-01,7.142857142857144126e-01
6.009375000000000133e-01,3.733244922461689264e+00,3.571428571428571175e+00,3.571428571428571175e+00
6.012500000000000622e-01,4.185852159906394476e+00,3.571428571428571175e+00,5.000000000000000000e+00
6.015625000000000000e-01,1.571340617643335325e+00,2.142857142857143238e+00,7.142857142857144126e-01
6.018750000000000488e-01,1.528142278836945644e+00,2.142857142857143238e+00,2.142857142857143238e+00
6.021874999999999867e-01,4.059977355418244116e+00,3.571428571428571175e+00,3.571428571428571175e+00
6.025000000000000355e-01,3.535533905932500165e+00,3.571428571428571175e+00,3.571428571428571175e+00
6.028124999999999734e-01,-2.335189486823985305e-05,-7.142857142857144126e-01,-7.142857142857144126e-01
6.031250000000000222e-01,-8.289425963245597995e-01,-7.142857142857144126e-01,-7.142857142857144126e-01
6.034374999999999600e-01,1.120162141384233312e+00,7.142857142857144126e-01,7.142857142857144126e-01
6.037500000000000089e-01,2.661632652772607521e-01,7.142857142857144126e-01,7.142857142857144126e-01
6.040625000000000577e-01,-3.317393414864759915e+00,-3.571428571428571175e+00,-3.571428571428571175e+00
6.043749999999999956e-01,-3.908622399280356152e+00,-3.571428571428571175e+00,-3.571428571428571175e+00
6.046875000000000444e-01,-1.456607444823023068e+00,-2.142857142857142794e+00,-7.142857142857144126e-01
6.049999999999999822e-01,-1.585786437627054957e+00,-2.142857142857142794e+00,-2.142857142857142794e+00
6.053125000000000311e-01,-4.285034569570099094e+00,-3.571428571428571175e+00,-3.571428571428571175e+00
6.056249999999999689e-01,-3.908622399280788251e+00,-3.571428571428571175e+00,-3.571428571428571175e+00
6.059375000000000178e-01,-4.889662901177376231e-01,-7.142857142857144126e-01,-7.142857142857144126e-01
6.062500000000000666e-01,2.661632652775038910e-01,7.142857142857144126e-01,-7.142857142857144126e-01
6.065625000000000044e-01,-1.708264983361757361e+00,-2.142857142857142794e+00,-2.142857142857142794e+00
6.068750000000000533e-01,-8.289425963244709816e-01,-7.142857142857144126e-01,-7.142857142857144126e-01
6.071874999999999911e-01,2.828403772850851983e+00,2.142857142857143238e+00,3.571428571428571175e+00
6.075000000000000400e-01,3.535533905932117804e+00,3.571428571428571175e+00,3.571428571428571175e+00
6.078124999999999778e-01,1.231550230672168622e+00,7.142857142857144126e-01,7.142857142857144126e-01
6.081250000000000266e-01,1.528142278837153256e+00,2.142857142857143238e+00,2.142857142857143238e+00
6.084374999999999645e-01,4.399767742389839142e+00,5.000000000000000000e+00,3.571428571428571175e+00
6.087500000000000133e-01,4.185852159906632508e+00,3.571428571428571175e+00,3.571428571428571175e+00
6.090625000000000622e-01,9.048177977144309381e-01,7.142857142857144126e-01,7.142857142857144126e-01
6.093750000000000000e-01,2.524971366858870248e-01,7.142857142857144126e-01,-7.142857142857144126e-01
6.096875000000000488e-01,2.285067594136960700e+00,2.142857142857143238e+00,2.142857142857143238e+00
6.099999999999999867e-01,1.414213562373187516e+00,7.142857142857144126e-01,2.142857142857143238e+00
6.103125000000000355e-01,-2.285067594136880764e+00,-2.142857142857142794e+00,-2.142857142857142794e+00
6.106249999999999734e-01,-3.080924261431820632e+00,-3.571428571428571175e+00,-2.142857142857142794e+00
6.109375000000000222e-01,-9.048177977150224649e-01,-7.142857142857144126e-01,-7.142857142857144126e-01
6.112499999999999600e-01,-1.357425035160406690e+00,-7.142857142857144126e-01,-7.142857142857144126e-01
6.115625000000000089e-01,-4.399767742389578906e+00,-5.000000000000000000e+00,-5.000000000000000000e+00
6.118750000000000577e-01,-4.356569403581981526e+00,-5.000000000000000000e+00,-3.571428571428571175e+00
6.121874999999999956e-01,-1.231550230671584645e+00,-7.142857142857144126e-01,-7.142857142857144126e-01
6.125000000000000444e-01,-7.071067811871998288e-01,-7.142857142857144126e-01,-7.142857142857144126e-01
6.128124999999999822e-01,-2.828403772851409759e+00,-2.142857142857142794e+00,-3.571428571428571175e+00
6.131250000000000311e-01,-1.999484528420921725e+00,-2.142857142857142794e+00,-2.142857142857142794e+00
6.134374999999999689e-01,1.708264983361510669e+00,2.142857142857143238e+00,2.142857142857143238e+00
6.137500000000000178e-01,2.562263859468079552e+00,2.142857142857143238e+00,2.142857142857143238e+00
6.140625000000000666e-01,4.889662901175308996e-01,7.142857142857144126e-01,7.142857142857144126e-01
6.143750000000000044e-01,1.080195274534520689e+00,7.142857142857144126e-01,7.142857142857144126e-01
6.146875000000000533e-01,4.285034569570060015e+00,3.571428571428571175e+00,3.571428571428571175e+00
6.149999999999999911e-01,4.414213562373189070e+00,5.000000000000000000e+00,3.571428571428571175e+00
6.153125000000000400e-01,1.456607444823414088e+00,2.142857142857143238e+00,7.142857142857144126e-01
6.156249999999999778e-01,1.080195274534356376e+00,7.142857142857144126e-01,7.142857142857144126e-01
6.159375000000000266e-01,3.317393414864553414e+00,3.571428571428571175e+00,3.571428571428571175e+00
6.162499999999999645e-01,2.562263859468452587e+00,2.142857142857143238e+00,2.142857142857143238e+00
6.165625000000000133e-01,-1.120162141384798637e+00,-7.142857142857144126e-01,-7.142857142857144126e-01
6.168750000000000622e-01,-1.999484528421029195e+00,-2.142857142857142794e+00,-2.142857142857142794e+00
6.171875000000000000e-01,2.335189553415162322e-05,7.142857142857144126e-01,7.142857142857144126e-01
6.175000000000000488e-01,-7.071067811870799247e-01,-7.142857142857144126e-01,-7.142857142857144126e-01
6.178124999999999867e-01,-4.059977355418231681e+00,-3.571428571428571175e+00,-3.571428571428571175e+00
6.181250000000000355e-01,-4.356569403582456701e+00,-5.000000000000000000e+00,-3.571428571428571175e+00
6.184374999999999734e-01,-1.571340617643609772e+00,-2.142857142857142794e+00,-7.142857142857144126e-01
6.187500000000000222e-01,-1.357425035160865656e+00,-7.142857142857144126e-01,-2.142857142857142794e+00
6.190624999999999600e-01,-3.733244922461239401e+00,-3.571428571428571175e+00,-3.571428571428571175e+00
6.193750000000000089e-01,-3.080924261431993383e+00,-3.571428571428571175e+00,-3.571428571428571175e+00
6.196875000000000577e-01,5.433595306107371625e-01,7.142857142857144126e-01,7.142857142857144126e-01
6.199999999999999956e-01,1.414213562372450106e+00,7.142857142857144126e-01,7.142857142857144126e-01
6.203125000000000444e-01,-5.433595306103249367e-01,-7.142857142857144126e-01,-7.142857142857144126e-01
6.206249999999999822e-01,2.524971366859365407e-01,7.142857142857144126e-01,7.142857142857144126e-01
6.209375000000000311e-01,3.733244922461721238e+00,3.571428571428571175e+00,3.571428571428571175e+00
6.212499999999999689e-01,4.185852159906808367e+00,3.571428571428571175e+00,3.571428571428571175e+00
6.215625000000000178e-01,1.571340617643194326e+00,2.142857142857143238e+00,2.142857142857143238e+00
6.218750000000000666e-01,1.528142278837139045e+00,2.142857142857143238e+00,2.142857142857143238e+00
6.221875000000000044e-01,4.059977355418329381e+00,3.571428571428571175e+00,3.571428571428571175e+00
6.225000000000000533e-01,3.535533905932241261e+00,3.571428571428571175e+00,3.571428571428571175e+00
6.228124999999999911e-01,-2.335189485247468610e-05,-7.142857142857144126e-01,-7.142857142857144126e-01
6.231250000000000400e-01,-8.289425963245486972e-01,-7.142857142857144126e-01,-7.142857142857144126e-01
6.234374999999999778e-01,1.120162141384242194e+00,7.142857142857144126e-01,7.142857142857144126e-01
6.237500000000000266e-01,2.661632652779277741e-01,7.142857142857144126e-01,7.142857142857144126e-01
6.240624999999999645e-01,-3.317393414863478718e+00,-3.571428571428571175e+00,-3.571428571428571175e+00
6.243750000000000133e-01,-3.908622399280282877e+00,-3.571428571428571175e+00,-5.000000000000000000e+00
6.246875000000000622e-01,-1.456607444822811459e+00,-2.142857142857142794e+00,-2.142857142857142794e+00
6.250000000000000000e-01,-1.585786437627210166e+00,-2.142857142857142794e+00,-2.142857142857142794e+00
6.253125000000000488e-01,-4.285034569570211893e+00,-3.571428571428571175e+00,-5.000000000000000000e+00
6.256249999999999867e-01,-3.908622399280740733e+00,-3.571428571428571175e+00,-3.571428571428571175e+00
6.259375000000000355e-01,-4.889662901174689491e-01,-7.142857142857144126e-01,-7.142857142857144126e-01
6.262499999999999734e-01,2.661632652778123109e-01,7.142857142857144126e-01,-7.142857142857144126e-01
6.265625000000000222e-01,-1.708264983362105749e+00,-2.142857142857142794e+00,-7.142857142857144126e-01
6.268749999999999600e-01,-8.289425963251491059e-01,-7.142857142857144126e-01,-7.142857142857144126e-01
6.271875000000000089e-01,2.828403772851136644e+00,2.142857142857143238e+00,3.571428571428571175e+00
6.275000000000000577e-01,3.535533905932468635e+00,3.571428571428571175e+00,3.571428571428571175e+00
6.278124999999999956e-01,1.231550230672082691e+00,7.142857142857144126e-01,7.142857142857144126e-01
6.281250000000000444e-01,1.528142278837337553e+00,2.142857142857143238e+00,7.142857142857144126e-01
6.284374999999999822e-01,4.399767742390013225e+00,5.000000000000000000e+00,3.571428571428571175e+00
6.287500000000000311e-01,4.185852159906421122e+00,3.571428571428571175e+00,5.000000000000000000e+00
6.290624999999999689e-01,9.048177977150417828e-01,7.142857142857144126e-01,7.142857142857144126e-01
6.293750000000000178e-01,2.524971366862034383e-01,7.142857142857144126e-01,7.142857142857144126e-01
6.296875000000000666e-01,2.285067594136975355e+00,2.142857142857143238e+00,2.142857142857143238e+00
6.300000000000000044e-01,1.414213562372885313e+00,7.142857142857144126e-01,7.142857142857144126e-01
6.303125000000000533e-01,-2.285067594136850122e+00,-2.142857142857142794e+00,-2.142857142857142794e+00
6.306249999999999911e-01,-3.080924261431787325e+00,-3.571428571428571175e+00,-3.571428571428571175e+00
6.309375000000000400e-01,-9.048177977149602924e-01,-7.142857142857144126e-01,-7.142857142857144126e-01
6.312499999999999778e-01,-1.357425035160487958e+00,-7.142857142857144126e-01,-7.142857142857144126e-01
6.315625000000000266e-01,-4.399767742389748548e+00,-5.000000000000000000e+00,-5.000000000000000000e+00
6.318749999999999645e-01,-4.356569403583150368e+00,-5.000000000000000000e+00,-3.571428571428571175e+00
6.321875000000000133e-01,-1.231550230671521362e+00,-7.142857142857144126e-01,-2.142857142857142794e+00
6.325000000000000622e-01,-7.071067811872511211e-01,-7.142857142857144126e-01,-7.142857142857144126e-01
6.328125000000000000e-01,-2.828403772851435072e+00,-2.142857142857142794e+00,-3.571428571428571175e+00
6.331250000000000488e-01,-1.999484528420957030e+00,-2.142857142857142794e+00,-2.142857142857142794e+00
6.334374999999999867e-01,1.708264983361812206e+00,2.142857142857143238e+00,2.142857142857143238e+00
6.337500000000000355e-01,2.562263859468060012e+00,2.142857142857143238e+00,2.142857142857143238e+00
6.340624999999999734e-01,4.889662901176050624e-01,7.142857142857144126e-01,7.142857142857144126e-01
6.343750000000000222e-01,1.080195274534757610e+00,7.142857142857144126e-01,7.142857142857144126e-01
6.346874999999999600e-01,4.285034569569515561e+00,3.571428571428571175e+00,5.000000000000000000e+00
6.350000000000000089e-01,4.414213562373033639e+00,5.000000000000000000e+00,5.000000000000000000e+00
6.353125000000000577e-01,1.456607444823216246e+00,2.142857142857143238e+00,2.142857142857143238e+00
6.356249999999999956e-01,1.080195274534429428e+00,7.142857142857144126e-01,7.142857142857144126e-01
6.359375000000000444e-01,3.317393414864858947e+00,3.571428571428571175e+00,3.571428571428571175e+00
6.362499999999999822e-01,2.562263859468804750e+00,2.142857142857143238e+00,2.142857142857143238e+00
6.365625000000000311e-01,-1.120162141385100174e+00,-7.142857142857144126e-01,-2.142857142857142794e+00
6.368749999999999689e-01,-1.999484528420992113e+00,-2.142857142857142794e+00,-2.142857142857142794e+00
6.371875000000000178e-01,2.335189555968675279e-05,7.142857142857144126e-01,-7.142857142857144126e-01
6.375000000000000666e-01,-7.071067811873392728e-01,-7.142857142857144126e-01,-7.142857142857144126e-01
6.378125000000000044e-01,-4.059977355418295630e+00,-3.571428571428571175e+00,-3.571428571428571175e+00
6.381250000000000533e-01,-4.356569403582329691e+00,-5.000000000000000000e+00,-5.000000000000000000e+00
6.384374999999999911e-01,-1.571340617643440130e+00,-2.142857142857142794e+00,-2.142857142857142794e+00
6.387500000000000400e-01,-1.357425035161095472e+00,-7.142857142857144126e-01,-7.142857142857144126e-01
6.390624999999999778e-01,-3.733244922461301130e+00,-3.571428571428571175e+00,-3.571428571428571175e+00
6.393750000000000266e-01,-3.080924261431715827e+00,-3.571428571428571175e+00,-3.571428571428571175e+00
6.396874999999999645e-01,5.433595306090941435e-01,7.142857142857144126e-01,7.142857142857144126e-01
6.400000000000000133e-01,1.414213562373085153e+00,7.142857142857144126e-01,2.142857142857143238e+00
6.403125000000000622e-01,-5.433595306103394806e-01,-7.142857142857144126e-01,-7.142857142857144126e-01
6.406250000000000000e-01,2.524971366859305455e-01,7.142857142857144126e-01,7.142857142857144126e-01
6.409375000000000488e-01,3.733244922461969928e+00,3.571428571428571175e+00,3.571428571428571175e+00
6.412499999999999867e-01,4.185852159906709780e+00,3.571428571428571175e+00,3.571428571428571175e+00
6.415625000000000355e-01,1.571340617643020021e+00,2.142857142857143238e+00,2.142857142857143238e+00
6.418749999999999734e-01,1.528142278836688961e+00,2.142857142857143238e+00,2.142857142857143238e+00
6.421875000000000222e-01,4.059977355418416423e+00,3.571428571428571175e+00,5.000000000000000000e+00
6.424999999999999600e-01,3.535533905933107235e+00,3.571428571428571175e+00,3.571428571428571175e+00
6.428125000000000089e-01,-2.335189513713586962e-05,-7.142857142857144126e-01,-7.142857142857144126e-01
6.431250000000000577e-01,-8.289425963245374840e-01,-7.142857142857144126e-01,-7.142857142857144126e-01
6.434374999999999956e-01,1.120162141384590360e+00,7.142857142857144126e-01,7.142857142857144126e-01
6.437500000000000444e-01,2.661632652776368957e-01,7.142857142857144126e-01,-7.142857142857144126e-01
6.440624999999999822e-01,-3.317393414863747836e+00,-3.571428571428571175e+00,-3.571428571428571175e+00
6.443750000000000311e-01,-3.908622399280019533e+00,-3.571428571428571175e+00,-3.571428571428571175e+00
6.446874999999999689e-01,-1.456607444823243336e+00,-2.142857142857142794e+00,-2.142857142857142794e+00
6.450000000000000178e-01,-1.585786437627365597e+00,-2.142857142857142794e+00,-2.142857142857142794e+00
6.453125000000000666e-01,-4.285034569570423280e+00,-3.571428571428571175e+00,-3.571428571428571175e+00
6.456250000000000044e-01,-3.908622399280504034e+00,-3.571428571428571175e+00,-5.000000000000000000e+00
6.459375000000000533e-01,-4.889662901172000531e-01,-7.142857142857144126e-01,-7.142857142857144126e-01
6.462499999999999911e-01,2.661632652774779118e-01,7.142857142857144126e-01,-7.142857142857144126e-01
6.465625000000000400e-01,-1.708264983362114631e+00,-2.142857142857142794e+00,-2.142857142857142794e+00
6.468749999999999778e-01,-8.289425963248497897e-01,-7.142857142857144126e-01,-7.142857142857144126e-01
6.471875000000000266e-01,2.828403772851120657e+00,2.142857142857143238e+00,2.142857142857143238e+00
6.474999999999999645e-01,3.535533905932819465e+00,3.571428571428571175e+00,3.571428571428571175e+00
6.478125000000000133e-01,1.231550230671996538e+00,7.142857142857144126e-01,2.142857142857143238e+00
6.481250000000000622e-01,1.528142278837454349e+00,2.142857142857143238e+00,2.142857142857143238e+00
6.484375000000000000e-01,4.399767742390154446e+00,5.000000000000000000e+00,5.000000000000000000e+00
6.487500000000000488e-01,4.185852159906209735e+00,3.571428571428571175e+00,3.571428571428571175e+00
6.490624999999999867e-01,9.048177977150095863e-01,7.142857142857144126e-01,7.142857142857144126e-01
6.493750000000000355e-01,2.524971366862363009e-01,7.142857142857144126e-01,7.142857142857144126e-01
6.496874999999999734e-01,2.285067594136673375e+00,2.142857142857143238e+00,2.142857142857143238e+00
6.500000000000000222e-01,1.414213562372924171e+00,7.142857142857144126e-01,7.142857142857144126e-01
6.503124999999999600e-01,-2.285067594136176439e+00,-2.142857142857142794e+00,-3.571428571428571175e+00
6.506250000000000089e-01,-3.080924261431754019e+00,-3.571428571428571175e+00,-3.571428571428571175e+00
6.509375000000000577e-01,-9.048177977146822926e-01,-7.142857142857144126e-01,-7.142857142857144126e-01
6.512499999999999956e-01,-1.357425035160699567e+00,-7.142857142857144126e-01,-7.142857142857144126e-01
6.515625000000000444e-01,-4.399767742389918190e+00,-5.000000000000000000e+00,-5.000000000000000000e+00
6.518749999999999822e-01,-4.356569403583032241e+00,-5.000000000000000000e+00,-5.000000000000000000e+00
6.521875000000000311e-01,-1.231550230671296875e+00,-7.142857142857144126e-01,-7.142857142857144126e-01
6.524999999999999689e-01,-7.071067811862572494e-01,-7.142857142857144126e-01,-7.142857142857144126e-01
6.528125000000000178e-01,-2.828403772851761921e+00,-2.142857142857142794e+00,-3.571428571428571175e+00
6.531250000000000666e-01,-1.999484528420657492e+00,-2.142857142857142794e+00,-2.142857142857142794e+00
6.534375000000000044e-01,1.708264983362113743e+00,2.142857142857143238e+00,2.142857142857143238e+00
6.537500000000000533e-01,2.562263859467725613e+00,2.142857142857143238e+00,2.142857142857143238e+00
6.540624999999999911e-01,4.889662901175635401e-01,7.142857142857144126e-01,7.142857142857144126e-01
6.543750000000000400e-01,1.080195274534994532e+00,7.142857142857144126e-01,7.142857142857144126e-01
6.546874999999999778e-01,4.285034569569615037e+00,3.571428571428571175e+00,5.000000000000000000e+00
6.550000000000000266e-01,4.414213562372878208e+00,5.000000000000000000e+00,5.000000000000000000e+00
6.553124999999999645e-01,1.456607444823760034e+00,2.142857142857143238e+00,2.142857142857143238e+00
6.556250000000000133e-01,1.080195274534692995e+00,7.142857142857144126e-01,2.142857142857143238e+00
6.559375000000000622e-01,3.317393414864257650e+00,3.571428571428571175e+00,3.571428571428571175e+00
6.562500000000000000e-01,2.562263859468513427e+00,2.142857142857143238e+00,3.571428571428571175e+00
6.565625000000000488e-01,-1.120162141385062426e+00,-7.142857142857144126e-01,-7.142857142857144126e-01
6.568749999999999867e-01,-1.999484528420981233e+00,-2.142857142857142794e+00,-2.142857142857142794e+00
6.571875000000000355e-01,2.335189558522188236e-05,7.142857142857144126e-01,7.142857142857144126e-01
6.574999999999999734e-01,-7.071067811864728547e-01,-7.142857142857144126e-01,-7.142857142857144126e-01
6.578125000000000222e-01,-4.059977355418520339e+00,-3.571428571428571175e+00,-5.000000000000000000e+00
6.581249999999999600e-01,-4.356569403582779110e+00,-5.000000000000000000e+00,-3.571428571428571175e+00
6.584375000000000089e-01,-1.571340617643303572e+00,-2.142857142857142794e+00,-7.142857142857144126e-01
6.587500000000000577e-01,-1.357425035161194282e+00,-7.142857142857144126e-01,-2.142857142857142794e+00
6.590624999999999956e-01,-3.733244922461363302e+00,-3.571428571428571175e+00,-3.571428571428571175e+00
6.593750000000000444e-01,-3.080924261431722044e+00,-3.571428571428571175e+00,-3.571428571428571175e+00
6.596874999999999822e-01,5.433595306093901289e-01,7.142857142857144126e-01,7.142857142857144126e-01
6.600000000000000311e-01,1.414213562373076716e+00,7.142857142857144126e-01,7.142857142857144126e-01
6.603124999999999689e-01,-5.433595306097205313e-01,-7.142857142857144126e-01,7.142857142857144126e-01
6.606250000000000178e-01,2.524971366862078792e-01,7.142857142857144126e-01,7.142857142857144126e-01
6.609375000000000666e-01,3.733244922462218174e+00,3.571428571428571175e+00,3.571428571428571175e+00
6.612500000000000044e-01,4.185852159906479741e+00,3.571428571428571175e+00,3.571428571428571175e+00
6.615625000000000533e-01,1.571340617642879023e+00,2.142857142857143238e+00,2.142857142857143238e+00
6.618749999999999911e-01,1.528142278836815304e+00,2.142857142857143238e+00,7.142857142857144126e-01
6.621875000000000400e-01,4.059977355418662448e+00,3.571428571428571175e+00,5.000000000000000000e+00
6.624999999999999778e-01,3.535533905932847887e+00,3.571428571428571175e+00,3.571428571428571175e+00
6.628125000000000266e-01,-2.335189542224114234e-05,-7.142857142857144126e-01,7.142857142857144126e-01
6.631249999999999645e-01,-8.289425963245007356e-01,-7.142857142857144126e-01,-7.142857142857144126e-01
6.634375000000000133e-01,1.120162141384599241e+00,7.142857142857144126e-01,7.142857142857144126e-01
6.637500000000000622e-01,2.661632652773457952e-01,7.142857142857144126e-01,7.142857142857144126e-01
6.640625000000000000e-01,-3.317393414863752721e+00,-3.571428571428571175e+00,-3.571428571428571175e+00
6.643750000000000488e-01,-3.908622399279946258e+00,-3.571428571428571175e+00,-3.571428571428571175e+00
6.646874999999999867e-01,-1.456607444823773800e+00,-2.142857142857142794e+00,-2.142857142857142794e+00
6.650000000000000355e-01,-1.585786437627520806e+00,-2.142857142857142794e+00,-7.142857142857144126e-01
6.653124999999999734e-01,-4.285034569569992513e+00,-3.571428571428571175e+00,-5.000000000000000000e+00
6.656250000000000222e-01,-3.908622399280266890e+00,-3.571428571428571175e+00,-5.000000000000000000e+00
6.659374999999999600e-01,-4.889662901181015542e-01,-7.142857142857144126e-01,-7.142857142857144126e-01
6.662500000000000089e-01,2.661632652774583718e-01,7.142857142857144126e-01,7.142857142857144126e-01
6.665625000000000577e-01,-1.708264983362123512e+00,-2.142857142857142794e+00,-2.142857142857142794e+00
6.668749999999999956e-01,-8.289425963248848728e-01,-7.142857142857144126e-01,-7.142857142857144126e-01
6.671875000000000444e-01,2.828403772851405762e+00,2.142857142857143238e+00,3.571428571428571175e+00
6.674999999999999822e-01,3.535533905932767951e+00,3.571428571428571175e+00,3.571428571428571175e+00
6.678125000000000311e-01,1.231550230671749402e+00,7.142857142857144126e-01,2.142857142857143238e+00
6.681249999999999689e-01,1.528142278836285728e+00,2.142857142857143238e+00,7.142857142857144126e-01
6.684375000000000178e-01,4.399767742389652625e+00,5.000000000000000000e+00,5.000000000000000000e+00
6.687500000000000666e-01,4.185852159906128911e+00,3.571428571428571175e+00,5.000000000000000000e+00
6.690625000000000044e-01,9.048177977147611184e-01,7.142857142857144126e-01,7.142857142857144126e-01
6.693750000000000533e-01,2.524971366862693856e-01,7.142857142857144126e-01,7.142857142857144126e-01
6.696874999999999911e-01,2.285067594137013991e+00,2.142857142857143238e+00,2.142857142857143238e+00
6.700000000000000400e-01,1.414213562372621746e+00,7.142857142857144126e-01,7.142857142857144126e-01
6.703124999999999778e-01,-2.285067594136472202e+00,-2.142857142857142794e+00,-2.142857142857142794e+00
6.706250000000000266e-01,-3.080924261431437827e+00,-3.571428571428571175e+00,-3.571428571428571175e+00
6.709374999999999645e-01,-9.048177977150466678e-01,-7.142857142857144126e-01,-7.142857142857144126e-01
6.712500000000000133e-01,-1.357425035160911175e+00,-7.142857142857144126e-01,-7.142857142857144126e-01
6.715625000000000622e-01,-4.399767742390054970e+00,-5.000000000000000000e+00,-3.571428571428571175e+00
6.718750000000000000e-01,-4.356569403582849276e+00,-5.000000000000000000e+00,-5.000000000000000000e+00
6.721875000000000488e-01,-1.231550230671715429e+00,-7.142857142857144126e-01,-2.142857142857142794e+00
6.724999999999999867e-01,-7.071067811865496822e-01,-7.142857142857144126e-01,-7.142857142857144126e-01
6.728125000000000355e-01,-2.828403772851787235e+00,-2.142857142857142794e+00,-2.142857142857142794e+00
6.731249999999999734e-01,-1.999484528421335616e+00,-2.142857142857142794e+00,-2.142857142857142794e+00
6.734375000000000222e-01,1.708264983362075551e+00,2.142857142857143238e+00,7.142857142857144126e-01
6.737499999999999600e-01,2.562263859468034255e+00,2.142857142857143238e+00,2.142857142857143238e+00
6.740625000000000089e-01,4.889662901175220178e-01,7.142857142857144126e-01,7.142857142857144126e-01
6.743750000000000577e-01,1.080195274535041383e+00,7.142857142857144126e-01,7.142857142857144126e-01
6.746874999999999956e-01,4.285034569569813101e+00,3.571428571428571175e+00,5.000000000000000000e+00
6.750000000000000444e-01,4.414213562372722777e+00,5.000000000000000000e+00,5.000000000000000000e+00
6.753124999999999822e-01,1.456607444823661224e+00,2.142857142857143238e+00,2.142857142857143238e+00
6.756250000000000311e-01,1.080195274534766492e+00,7.142857142857144126e-01,7.142857142857144126e-01
6.759374999999999689e-01,3.317393414863919254e+00,3.571428571428571175e+00,3.571428571428571175e+00
6.762500000000000178e-01,2.562263859468537852e+00,2.142857142857143238e+00,2.142857142857143238e+00
6.765625000000000666e-01,-1.120162141385363741e+00,-7.142857142857144126e-01,-7.142857142857144126e-01
6.768750000000000044e-01,-1.999484528420970131e+00,-2.142857142857142794e+00,-2.142857142857142794e+00
6.771875000000000533e-01,2.335189591162745160e-05,7.142857142857144126e-01,-7.142857142857144126e-01
6.774999999999999911e-01,-7.071067811867326469e-01,-7.142857142857144126e-01,-7.142857142857144126e-01
6.778125000000000400e-01,-4.059977355418745049e+00,-3.571428571428571175e+00,-5.000000000000000000e+00
6.781249999999999778e-01,-4.356569403582586375e+00,-5.000000000000000000e+00,-3.571428571428571175e+00
6.784375000000000266e-01,-1.571340617643134152e+00,-2.142857142857142794e+00,-2.142857142857142794e+00
6.787499999999999645e-01,-1.357425035160780613e+00,-7.142857142857144126e-01,-2.142857142857142794e+00
6.790625000000000133e-01,-3.733244922461641302e+00,-3.571428571428571175e+00,-3.571428571428571175e+00
6.793750000000000622e-01,-3.080924261431444044e+00,-3.571428571428571175e+00,-3.571428571428571175e+00
6.796875000000000000e-01,5.433595306096861144e-01,7.142857142857144126e-01,7.142857142857144126e-01
6.800000000000000488e-01,1.414213562372727440e+00,7.142857142857144126e-01,7.142857142857144126e-01
6.803124999999999867e-01,-5.433595306097351862e-01,-7.142857142857144126e-01,-7.142857142857144126e-01
6.806250000000000355e-01,2.524971366864852129e-01,7.142857142857144126e-01,7.142857142857144126e-01
6.809374999999999734e-01,3.733244922460964510e+00,3.571428571428571175e+00,3.571428571428571175e+00
6.812500000000000222e-01,4.185852159906381154e+00,3.571428571428571175e+00,3.571428571428571175e+00
6.815624999999999600e-01,1.571340617643348203e+00,2.142857142857143238e+00,7.142857142857144126e-01
6.818750000000000089e-01,1.528142278837008261e+00,2.142857142857143238e+00,7.142857142857144126e-01
6.821875000000000577e-01,4.059977355418748601e+00,3.571428571428571175e+00,3.571428571428571175e+00
6.824999999999999956e-01,3.535533905932588983e+00,3.571428571428571175e+00,3.571428571428571175e+00
6.828125000000000444e-01,-2.335189540603188618e-05,-7.142857142857144126e-01,7.142857142857144126e-01
6.831249999999999822e-01,-8.289425963244896334e-01,-7.142857142857144126e-01,-7.142857142857144126e-01
6.834375000000000311e-01,1.120162141384608567e+00,7.142857142857144126e-01,2.142857142857143238e+00
6.837499999999999689e-01,2.661632652780128172e-01,7.142857142857144126e-01,7.142857142857144126e-01
6.840625000000000178e-01,-3.317393414864021839e+00,-3.571428571428571175e+00,-3.571428571428571175e+00
6.843750000000000666e-01,-3.908622399280515580e+00,-3.571428571428571175e+00,-3.571428571428571175e+00
6.846875000000000044e-01,-1.456607444823562192e+00,-2.142857142857142794e+00,-7.142857142857144126e-01
6.850000000000000533e-01,-1.585786437627676015e+00,-2.142857142857142794e+00,-7.142857142857144126e-01
6.853124999999999911e-01,-4.285034569570104424e+00,-3.571428571428571175e+00,-3.571428571428571175e+00
6.856250000000000400e-01,-3.908622399280219817e+00,-3.571428571428571175e+00,-5.000000000000000000e+00
6.859374999999999778e-01,-4.889662901178324361e-01,-7.142857142857144126e-01,-7.142857142857144126e-01
6.862500000000000266e-01,2.661632652774390539e-01,7.142857142857144126e-01,7.142857142857144126e-01
6.865624999999999645e-01,-1.708264983361828859e+00,-2.142857142857142794e+00,-7.142857142857144126e-01
6.868750000000000133e-01,-8.289425963245852236e-01,-7.142857142857144126e-01,-7.142857142857144126e-01
6.871875000000000622e-01,2.828403772851690867e+00,2.142857142857143238e+00,2.142857142857143238e+00
6.875000000000000000e-01,3.535533905932475740e+00,3.571428571428571175e+00,3.571428571428571175e+00
6.878125000000000488e-01,1.231550230671663915e+00,7.142857142857144126e-01,7.142857142857144126e-01
6.881249999999999867e-01,1.528142278836469803e+00,2.142857142857143238e+00,7.142857142857144126e-01
6.884375000000000355e-01,4.399767742389826708e+00,5.000000000000000000e+00,3.571428571428571175e+00
6.887499999999999734e-01,4.185852159907334169e+00,3.571428571428571175e+00,5.000000000000000000e+00
6.890625000000000222e-01,9.048177977145124284e-01,7.142857142857144126e-01,2.142857142857143238e+00
6.893749999999999600e-01,2.524971366859427579e-01,7.142857142857144126e-01,-7.142857142857144126e-01
6.896875000000000089e-01,2.285067594137029090e+00,2.142857142857143238e+00,2.142857142857143238e+00
6.900000000000000577e-01,1.414213562372319766e+00,7.142857142857144126e-01,7.142857142857144126e-01
6.903124999999999956e-01,-2.285067594136768410e+00,-2.142857142857142794e+00,-2.142857142857142794e+00
6.906250000000000444e-01,-3.080924261431404521e+00,-3.571428571428571175e+00,-2.142857142857142794e+00
6.909374999999999822e-01,-9.048177977149844953e-01,-7.142857142857144126e-01,-7.142857142857144126e-01
6.912500000000000311e-01,-1.357425035160991778e+00,-7.142857142857144126e-01,-2.142857142857142794e+00
6.915624999999999689e-01,-4.399767742389547820e+00,-5.000000000000000000e+00,-3.571428571428571175e+00
6.918750000000000178e-01,-4.356569403582664535e+00,-5.000000000000000000e+00,-3.571428571428571175e+00
6.921875000000000666e-01,-1.231550230671651258e+00,-7.142857142857144126e-01,-2.142857142857142794e+00
6.925000000000000044e-01,-7.071067811866011965e-01,-7.142857142857144126e-01,-7.142857142857144126e-01
6.928125000000000533e-01,-2.828403772851812548e+00,-2.142857142857142794e+00,-3.571428571428571175e+00
6.931249999999999911e-01,-1.999484528421679341e+00,-2.142857142857142794e+00,-2.142857142857142794e+00
6.934375000000000400e-01,1.708264983362377087e+00,2.142857142857143238e+00,7.142857142857144126e-01
6.937499999999999778e-01,2.562263859468014715e+00,2.142857142857143238e+00,2.142857142857143238e+00
6.940625000000000266e-01,4.889662901172167064e-01,7.142857142857144126e-01,7.142857142857144126e-01
6.943749999999999645e-01,1.080195274534446082e+00,7.142857142857144126e-01,7.142857142857144126e-01
6.946875000000000133e-01,4.285034569570011165e+00,3.571428571428571175e+00,3.571428571428571175e+00
6.950000000000000622e-01,4.414213562372568234e+00,5.000000000000000000e+00,3.571428571428571175e+00
6.953125000000000000e-01,1.456607444823463382e+00,2.142857142857143238e+00,7.142857142857144126e-01
6.956250000000000488e-01,1.080195274534839989e+00,7.142857142857144126e-01,7.142857142857144126e-01
6.959374999999999867e-01,3.317393414863960999e+00,3.571428571428571175e+00,3.571428571428571175e+00
6.962500000000000355e-01,2.562263859468246530e+00,2.142857142857143238e+00,2.142857142857143238e+00
6.965624999999999734e-01,-1.120162141384039689e+00,-7.142857142857144126e-01,-7.142857142857144126e-01
6.968750000000000222e-01,-1.999484528421602292e+00,-2.142857142857142794e+00,-2.142857142857142794e+00
6.971874999999999600e-01,2.335189495172862451e-05,7.142857142857144126e-01,-7.142857142857144126e-01
6.975000000000000089e-01,-7.071067811869917730e-01,-7.142857142857144126e-01,-7.142857142857144126e-01
6.978125000000000577e-01,-4.059977355418808109e+00,-3.571428571428571175e+00,-3.571428571428571175e+00
6.981249999999999956e-01,-4.356569403582460254e+00,-5.000000000000000000e+00,-3.571428571428571175e+00
6.984375000000000444e-01,-1.571340617642964288e+00,-2.142857142857142794e+00,-2.142857142857142794e+00
6.987499999999999822e-01,-1.357425035160879423e+00,-7.142857142857144126e-01,-7.142857142857144126e-01
6.990625000000000311e-01,-3.733244922461703474e+00,-3.571428571428571175e+00,-3.571428571428571175e+00
6.993749999999999689e-01,-3.080924261432093747e+00,-3.571428571428571175e+00,-3.571428571428571175e+00
6.996875000000000178e-01,5.433595306099819888e-01,7.142857142857144126e-01,7.142857142857144126e-01
7.000000000000000666e-01,1.414213562372719446e+00,7.142857142857144126e-01,2.142857142857143238e+00
7.003125000000000044e-01,-5.433595306097496191e-01,-7.142857142857144126e-01,-7.142857142857144126e-01
7.006250000000000533e-01,2.524971366858359545e-01,7.142857142857144126e-01,7.142857142857144126e-01
7.009374999999999911e-01,3.733244922460996484e+00,3.571428571428571175e+00,5.000000000000000000e+00
7.012500000000000400e-01,4.185852159906281678e+00,3.571428571428571175e+00,5.000000000000000000e+00
7.015624999999999778e-01,1.571340617643206983e+00,2.142857142857143238e+00,2.142857142857143238e+00
7.018750000000000266e-01,1.528142278837135049e+00,2.142857142857143238e+00,7.142857142857144126e-01
7.021874999999999645e-01,4.059977355418352474e+00,3.571428571428571175e+00,5.000000000000000000e+00
7.025000000000000133e-01,3.535533905932330079e+00,3.571428571428571175e+00,3.571428571428571175e+00
7.028125000000000622e-01,-2.335189569113715891e-05,-7.142857142857144126e-01,-7.142857142857144126e-01
7.031250000000000000e-01,-8.289425963244785311e-01,-7.142857142857144126e-01,-7.142857142857144126e-01
7.034375000000000488e-01,1.120162141384617227e+00,7.142857142857144126e-01,2.142857142857143238e+00
7.037499999999999867e-01,2.661632652780370201e-01,7.142857142857144126e-01,7.142857142857144126e-01
7.040625000000000355e-01,-3.317393414864290513e+00,-3.571428571428571175e+00,-2.142857142857142794e+00
7.043749999999999734e-01,-3.908622399280895721e+00,-3.571428571428571175e+00,-3.571428571428571175e+00
7.046875000000000222e-01,-1.456607444823449615e+00,-2.142857142857142794e+00,-7.142857142857144126e-01
7.049999999999999600e-01,-1.585786437626545142e+00,-2.142857142857142794e+00,-2.142857142857142794e+00
7.053125000000000089e-01,-4.285034569570217222e+00,-3.571428571428571175e+00,-5.000000000000000000e+00
7.056250000000000577e-01,-3.908622399279982673e+00,-3.571428571428571175e+00,-3.571428571428571175e+00
7.059374999999999956e-01,-4.889662901175635401e-01,-7.142857142857144126e-01,-7.142857142857144126e-01
7.062500000000000444e-01,2.661632652774195140e-01,7.142857142857144126e-01,7.142857142857144126e-01
7.065624999999999822e-01,-1.708264983362177025e+00,-2.142857142857142794e+00,-2.142857142857142794e+00
7.068750000000000311e-01,-8.289425963242857964e-01,-7.142857142857144126e-01,-7.142857142857144126e-01
7.071874999999999689e-01,2.828403772851031839e+00,2.142857142857143238e+00,2.142857142857143238e+00
7.075000000000000178e-01,3.535533905932424670e+00,3.571428571428571175e+00,3.571428571428571175e+00
7.078125000000000666e-01,1.231550230671577983e+00,7.142857142857144126e-01,7.142857142857144126e-01
7.081250000000000044e-01,1.528142278836653878e+00,2.142857142857143238e+00,2.142857142857143238e+00
7.084375000000000533e-01,4.399767742389967040e+00,5.000000000000000000e+00,5.000000000000000000e+00
7.087499999999999911e-01,4.185852159907122783e+00,3.571428571428571175e+00,3.571428571428571175e+00
7.090625000000000400e-01,9.048177977142639605e-01,7.142857142857144126e-01,7.142857142857144126e-01
7.093749999999999778e-01,2.524971366856165744e-01,7.142857142857144126e-01,-7.142857142857144126e-01
7.096875000000000266e-01,2.285067594137043301e+00,2.142857142857143238e+00,2.142857142857143238e+00
7.099999999999999645e-01,1.414213562373001443e+00,7.142857142857144126e-01,7.142857142857144126e-01
7.103125000000000133e-01,-2.285067594136737767e+00,-2.142857142857142794e+00,-2.142857142857142794e+00
7.106250000000000622e-01,-3.080924261431371214e+00,-3.571428571428571175e+00,-2.142857142857142794e+00
7.109375000000000000e-01,-9.048177977149227669e-01,-7.142857142857144126e-01,-7.142857142857144126e-01
7.112500000000000488e-01,-1.357425035161203386e+00,-7.142857142857144126e-01,-7.142857142857144126e-01
7.115624999999999867e-01,-4.399767742389717462e+00,-5.000000000000000000e+00,-5.000000000000000000e+00
7.118750000000000355e-01,-4.356569403582481570e+00,-5.000000000000000000e+00,-3.571428571428571175e+00
7.121874999999999734e-01,-1.231550230672230573e+00,-7.142857142857144126e-01,-2.142857142857142794e+00
7.125000000000000222e-01,-7.071067811866524888e-01,-7.142857142857144126e-01,-7.142857142857144126e-01
7.128124999999999600e-01,-2.828403772850852871e+00,-2.142857142857142794e+00,-3.571428571428571175e+00
7.131250000000000089e-01,-1.999484528421714424e+00,-2.142857142857142794e+00,-2.142857142857142794e+00
7.134375000000000577e-01,1.708264983362678624e+00,2.142857142857143238e+00,7.142857142857144126e-01
7.137499999999999956e-01,2.562263859467995175e+00,2.142857142857143238e+00,2.142857142857143238e+00
7.140625000000000444e-01,4.889662901171751841e-01,7.142857142857144126e-01,7.142857142857144126e-01
7.143749999999999822e-01,1.080195274534683003e+00,7.142857142857144126e-01,2.142857142857143238e+00
7.146875000000000311e-01,4.285034569570209229e+00,3.571428571428571175e+00,3.571428571428571175e+00
7.149999999999999689e-01,4.414213562373055844e+00,5.000000000000000000e+00,5.000000000000000000e+00
7.153125000000000178e-01,1.456607444823265540e+00,2.142857142857143238e+00,7.142857142857144126e-01
7.156250000000000666e-01,1.080195274534913707e+00,7.142857142857144126e-01,7.142857142857144126e-01
7.159375000000000044e-01,3.317393414864266088e+00,3.571428571428571175e+00,3.571428571428571175e+00
7.162500000000000533e-01,2.562263859467955651e+00,2.142857142857143238e+00,2.142857142857143238e+00
7.165624999999999911e-01,-1.120162141384341226e+00,-7.142857142857144126e-01,-7.142857142857144126e-01
7.168750000000000400e-01,-1.999484528421256568e+00,-2.142857142857142794e+00,-2.142857142857142794e+00
7.171874999999999778e-01,2.335189497748579868e-05,7.142857142857144126e-01,-7.142857142857144126e-01
7.175000000000000266e-01,-7.071067811872508990e-01,-7.142857142857144126e-01,-7.142857142857144126e-01
7.178124999999999645e-01,-4.059977355418229017e+00,-3.571428571428571175e+00,-5.000000000000000000e+00
7.181250000000000133e-01,-4.356569403582333244e+00,-5.000000000000000000e+00,-5.000000000000000000e+00
7.184375000000000622e-01,-1.571340617642794868e+00,-2.142857142857142794e+00,-2.142857142857142794e+00
7.187500000000000000e-01,-1.357425035161108795e+00,-7.142857142857144126e-01,-7.142857142857144126e-01
7.190625000000000488e-01,-3.733244922461765647e+00,-3.571428571428571175e+00,-3.571428571428571175e+00
7.193749999999999867e-01,-3.080924261431816191e+00,-3.571428571428571175e+00,-3.571428571428571175e+00
7.196875000000000355e-01,5.433595306099514577e-01,7.142857142857144126e-01,7.142857142857144126e-01
7.199999999999999734e-01,1.414213562373013211e+00,7.142857142857144126e-01,2.142857142857143238e+00
7.203125000000000222e-01,-5.433595306097642741e-01,-7.142857142857144126e-01,-7.142857142857144126e-01
7.206249999999999600e-01,2.524971366851869181e-01,7.142857142857144126e-01,-7.142857142857144126e-01
7.209375000000000089e-01,3.733244922461245174e+00,3.571428571428571175e+00,3.571428571428571175e+00
7.212500000000000577e-01,4.185852159906183090e+00,3.571428571428571175e+00,3.571428571428571175e+00
7.215624999999999956e-01,1.571340617643675941e+00,2.142857142857143238e+00,7.142857142857144126e-01
7.218750000000000444e-01,1.528142278837261836e+00,2.142857142857143238e+00,2.142857142857143238e+00
7.221874999999999822e-01,4.059977355418437739e+00,3.571428571428571175e+00,5.000000000000000000e+00
7.225000000000000311e-01,3.535533905932311871e+00,3.571428571428571175e+00,3.571428571428571175e+00
7.228124999999999689e-01,-2.335189503210877149e-05,-7.142857142857144126e-01,7.142857142857144126e-01
7.231250000000000178e-01,-8.289425963244674289e-01,-7.142857142857144126e-01,-7.142857142857144126e-01
7.234375000000000666e-01,1.120162141384965615e+00,7.142857142857144126e-01,7.142857142857144126e-01
7.237500000000000044e-01,2.661632652777459196e-01,7.142857142857144126e-01,-7.142857142857144126e-01
7.240625000000000533e-01,-3.317393414864559631e+00,-3.571428571428571175e+00,-3.571428571428571175e+00
7.243749999999999911e-01,-3.908622399280632376e+00,-3.571428571428571175e+00,-3.571428571428571175e+00
7.246875000000000400e-01,-1.456607444823337039e+00,-2.142857142857142794e+00,-2.142857142857142794e+00
7.249999999999999778e-01,-1.585786437626700129e+00,-2.142857142857142794e+00,-7.142857142857144126e-01
7.253125000000000266e-01,-4.285034569569785567e+00,-3.571428571428571175e+00,-3.571428571428571175e+00
7.256249999999999645e-01,-3.908622399281221682e+00,-3.571428571428571175e+00,-3.571428571428571175e+00
7.259375000000000133e-01,-4.889662901172948661e-01,-7.142857142857144126e-01,-7.142857142857144126e-01
7.262500000000000622e-01,2.661632652770851148e-01,7.142857142857144126e-01,7.142857142857144126e-01
7.265625000000000000e-01,-1.708264983362186129e+00,-2.142857142857142794e+00,-7.142857142857144126e-01
7.268750000000000488e-01,-8.289425963239864803e-01,-7.142857142857144126e-01,-7.142857142857144126e-01
7.271874999999999867e-01,2.828403772851015852e+00,2.142857142857143238e+00,2.142857142857143238e+00
7.275000000000000355e-01,3.535533905932372711e+00,3.571428571428571175e+00,3.571428571428571175e+00
7.278124999999999734e-01,1.231550230671974333e+00,7.142857142857144126e-01,7.142857142857144126e-01
7.281250000000000222e-01,1.528142278836770895e+00,2.142857142857143238e+00,7.142857142857144126e-01
7.284374999999999600e-01,4.399767742389498970e+00,5.000000000000000000e+00,3.571428571428571175e+00
7.287500000000000089e-01,4.185852159906911396e+00,3.571428571428571175e+00,5.000000000000000000e+00
7.290625000000000577e-01,9.048177977148754714e-01,7.142857142857144126e-01,7.142857142857144126e-01
7.293749999999999956e-01,2.524971366856494370e-01,7.142857142857144126e-01,-7.142857142857144126e-01
7.296875000000000444e-01,2.285067594137057512e+00,2.142857142857143238e+00,2.142857142857143238e+00
7.299999999999999822e-01,1.414213562373040300e+00,7.142857142857144126e-01,7.142857142857144126e-01
7.303125000000000311e-01,-2.285067594137033975e+00,-2.142857142857142794e+00,-2.142857142857142794e+00
7.306249999999999689e-01,-3.080924261431698064e+00,-3.571428571428571175e+00,-3.571428571428571175e+00
7.309375000000000178e-01,-9.048177977146443229e-01,-7.142857142857144126e-01,-7.142857142857144126e-01
7.312500000000000666e-01,-1.357425035161414550e+00,-7.142857142857144126e-01,-7.142857142857144126e-01
7.315625000000000044e-01,-4.399767742389887104e+00,-5.000000000000000000e+00,-5.000000000000000000e+00
7.318750000000000533e-01,-4.356569403582364330e+00,-5.000000000000000000e+00,-5.000000000000000000e+00
7.321874999999999911e-01,-1.231550230672006085e+00,-7.142857142857144126e-01,-2.142857142857142794e+00
7.325000000000000400e-01,-7.071067811867037811e-01,-7.142857142857144126e-01,-7.142857142857144126e-01
7.328124999999999778e-01,-2.828403772851179276e+00,-2.142857142857142794e+00,-2.142857142857142794e+00
7.331250000000000266e-01,-1.999484528421415108e+00,-2.142857142857142794e+00,-2.142857142857142794e+00
7.334374999999999645e-01,1.708264983361354794e+00,2.142857142857143238e+00,2.142857142857143238e+00
7.337500000000000133e-01,2.562263859467660332e+00,2.142857142857143238e+00,2.142857142857143238e+00
7.340625000000000622e-01,4.889662901171334397e-01,7.142857142857144126e-01,-7.142857142857144126e-01
7.343750000000000000e-01,1.080195274534919925e+00,7.142857142857144126e-01,7.142857142857144126e-01
7.346875000000000488e-01,4.285034569570307816e+00,3.571428571428571175e+00,5.000000000000000000e+00
7.349999999999999867e-01,4.414213562372900412e+00,5.000000000000000000e+00,5.000000000000000000e+00
7.353125000000000355e-01,1.456607444823067254e+00,2.142857142857143238e+00,2.142857142857143238e+00
7.356249999999999734e-01,1.080195274534722749e+00,7.142857142857144126e-01,7.142857142857144126e-01
7.359375000000000222e-01,3.317393414864307388e+00,3.571428571428571175e+00,2.142857142857143238e+00
7.362499999999999600e-01,2.562263859468622673e+00,2.142857142857143238e+00,3.571428571428571175e+00
7.365625000000000089e-01,-1.120162141384303478e+00,-7.142857142857144126e-01,-2.142857142857142794e+00
7.368750000000000577e-01,-1.999484528421245688e+00,-2.142857142857142794e+00,-2.142857142857142794e+00
7.371874999999999956e-01,2.335189500302092824e-05,7.142857142857144126e-01,-7.142857142857144126e-01
7.375000000000000444e-01,-7.071067811872684405e-01,-7.142857142857144126e-01,-7.142857142857144126e-01
7.378124999999999822e-01,-4.059977355417810685e+00,-3.571428571428571175e+00,-3.571428571428571175e+00
7.381250000000000311e-01,-4.356569403582206235e+00,-5.000000000000000000e+00,-5.000000000000000000e+00
7.384374999999999689e-01,-1.571340617643335102e+00,-2.142857142857142794e+00,-2.142857142857142794e+00
7.387500000000000178e-01,-1.357425035161208049e+00,-7.142857142857144126e-01,-7.142857142857144126e-01
7.390625000000000666e-01,-3.733244922461827375e+00,-3.571428571428571175e+00,-5.000000000000000000e+00
7.393750000000000044e-01,-3.080924261431822408e+00,-3.571428571428571175e+00,-3.571428571428571175e+00
7.396875000000000533e-01,5.433595306102472211e-01,7.142857142857144126e-01,7.142857142857144126e-01
7.399999999999999911e-01,1.414213562373004995e+00,7.142857142857144126e-01,7.142857142857144126e-01
7.403125000000000400e-01,-5.433595306101052236e-01,-7.142857142857144126e-01,-7.142857142857144126e-01
7.406249999999999778e-01,2.524971366854644739e-01,7.142857142857144126e-01,7.142857142857144126e-01
7.409375000000000266e-01,3.733244922461493420e+00,3.571428571428571175e+00,3.571428571428571175e+00
7.412499999999999645e-01,4.185852159907109460e+00,3.571428571428571175e+00,5.000000000000000000e+00
7.415625000000000133e-01,1.571340617643535387e+00,2.142857142857143238e+00,2.142857142857143238e+00
7.418750000000000622e-01,1.528142278837388179e+00,2.142857142857143238e+00,2.142857142857143238e+00
7.421875000000000000e-01,4.059977355418684652e+00,3.571428571428571175e+00,3.571428571428571175e+00
7.425000000000000488e-01,3.535533905932052079e+00,3.571428571428571175e+00,3.571428571428571175e+00
7.428124999999999867e-01,-2.335189531699199961e-05,-7.142857142857144126e-01,7.142857142857144126e-01
7.431250000000000355e-01,-8.289425963241218165e-01,-7.142857142857144126e-01,-7.142857142857144126e-01
7.434374999999999734e-01,1.120162141384670962e+00,7.142857142857144126e-01,2.142857142857143238e+00
7.437500000000000222e-01,2.661632652774548191e-01,7.142857142857144126e-01,7.142857142857144126e-01
7.440624999999999600e-01,-3.317393414863658130e+00,-3.571428571428571175e+00,-2.142857142857142794e+00
7.443750000000000089e-01,-3.908622399280559101e+00,-3.571428571428571175e+00,-3.571428571428571175e+00
7.446875000000000577e-01,-1.456607444823224462e+00,-2.142857142857142794e+00,-2.142857142857142794e+00
7.449999999999999956e-01,-1.585786437626855561e+00,-2.142857142857142794e+00,-2.142857142857142794e+00
7.453125000000000444e-01,-4.285034569569897478e+00,-3.571428571428571175e+00,-3.571428571428571175e+00
7.456249999999999822e-01,-3.908622399280984538e+00,-3.571428571428571175e+00,-3.571428571428571175e+00
7.459375000000000311e-01,-4.889662901172895371e-01,-7.142857142857144126e-01,-7.142857142857144126e-01
7.462499999999999689e-01,2.661632652773937568e-01,7.142857142857144126e-01,7.142857142857144126e-01
7.465625000000000178e-01,-1.708264983362195011e+00,-2.142857142857142794e+00,-2.142857142857142794e+00
7.468750000000000666e-01,-8.289425963240215633e-01,-7.142857142857144126e-01,-7.142857142857144126e-01
7.471875000000000044e-01,2.828403772851300513e+00,2.142857142857143238e+00,2.142857142857143238e+00
7.475000000000000533e-01,3.535533905932322085e+00,3.571428571428571175e+00,3.571428571428571175e+00
7.478124999999999911e-01,1.231550230671727642e+00,7.142857142857144126e-01,7.142857142857144126e-01
7.481250000000000400e-01,1.528142278836954748e+00,2.142857142857143238e+00,2.142857142857143238e+00
7.484374999999999778e-01,4.399767742389639302e+00,5.000000000000000000e+00,3.571428571428571175e+00
7.487500000000000266e-01,4.185852159906830572e+00,3.571428571428571175e+00,3.571428571428571175e+00
7.490624999999999645e-01,9.048177977154863161e-01,7.142857142857144126e-01,7.142857142857144126e-01
7.493750000000000133e-01,2.524971366856822996e-01,7.142857142857144126e-01,7.142857142857144126e-01
7.496875000000000622e-01,2.285067594137398572e+00,2.142857142857143238e+00,2.142857142857143238e+00
7.500000000000000000e-01,1.414213562373381139e+00,7.142857142857144126e-01,7.142857142857144126e-01
7.503125000000000488e-01,-2.285067594137330182e+00,-2.142857142857142794e+00,-3.571428571428571175e+00
7.506249999999999867e-01,-3.080924261431381872e+00,-3.571428571428571175e+00,-3.571428571428571175e+00
7.509375000000000355e-01,-9.048177977145823725e-01,-7.142857142857144126e-01,-7.142857142857144126e-01
7.512499999999999734e-01,-1.357425035160852556e+00,-7.142857142857144126e-01,-7.142857142857144126e-01
7.515625000000000222e-01,-4.399767742390022995e+00,-5.000000000000000000e+00,-3.571428571428571175e+00
7.518750000000000711e-01,-4.356569403582179589e+00,-5.000000000000000000e+00,-5.000000000000000000e+00
7.521875000000000089e-01,-1.231550230671781598e+00,-7.142857142857144126e-01,-2.142857142857142794e+00
7.525000000000000577e-01,-7.071067811869957698e-01,-7.142857142857144126e-01,-7.142857142857144126e-01
7.528124999999999956e-01,-2.828403772851205034e+00,-2.142857142857142794e+00,-3.571428571428571175e+00
7.531250000000000444e-01,-1.999484528421115570e+00,-2.142857142857142794e+00,-2.142857142857142794e+00
7.534374999999999822e-01,1.708264983361316824e+00,2.142857142857143238e+00,7.142857142857144126e-01
7.537500000000000311e-01,2.562263859468284277e+00,2.142857142857143238e+00,2.142857142857143238e+00
7.540624999999999689e-01,4.889662901181144328e-01,7.142857142857144126e-01,-7.142857142857144126e-01
7.543750000000000178e-01,1.080195274534967220e+00,7.142857142857144126e-01,7.142857142857144126e-01
7.546875000000000666e-01,4.285034569570505880e+00,3.571428571428571175e+00,5.000000000000000000e+00
7.550000000000000044e-01,4.414213562372745869e+00,5.000000000000000000e+00,3.571428571428571175e+00
7.553125000000000533e-01,1.456607444822968889e+00,2.142857142857143238e+00,7.142857142857144126e-01
7.556249999999999911e-01,1.080195274534796912e+00,7.142857142857144126e-01,7.142857142857144126e-01
7.559375000000000400e-01,3.317393414864349133e+00,3.571428571428571175e+00,3.571428571428571175e+00
7.562499999999999778e-01,2.562263859468647098e+00,2.142857142857143238e+00,2.142857142857143238e+00
7.565625000000000266e-01,-1.120162141384605015e+00,-7.142857142857144126e-01,-2.142857142857142794e+00
7.568749999999999645e-01,-1.999484528421543228e+00,-2.142857142857142794e+00,-2.142857142857142794e+00
7.571875000000000133e-01,2.335189532920445288e-05,7.142857142857144126e-01,-7.142857142857144126e-01
7.575000000000000622e-01,-7.071067811868845254e-01,-7.142857142857144126e-01,-7.142857142857144126e-01
7.578125000000000000e-01,-4.059977355418034506e+00,-3.571428571428571175e+00,-3.571428571428571175e+00
7.581250000000000488e-01,-4.356569403582013500e+00,-5.000000000000000000e+00,-5.000000000000000000e+00
7.584374999999999867e-01,-1.571340617643165238e+00,-2.142857142857142794e+00,-7.142857142857144126e-01
7.587500000000000355e-01,-1.357425035161307303e+00,-7.142857142857144126e-01,-2.142857142857142794e+00
7.590624999999999734e-01,-3.733244922461679494e+00,-3.571428571428571175e+00,-3.571428571428571175e+00
7.593750000000000222e-01,-3.080924261431544853e+00,-3.571428571428571175e+00,-3.571428571428571175e+00
7.596875000000000711e-01,5.433595306105434286e-01,7.142857142857144126e-01,7.142857142857144126e-01
7.600000000000000089e-01,1.414213562372655719e+00,7.142857142857144126e-01,2.142857142857143238e+00
7.603125000000000577e-01,-5.433595306101197675e-01,-7.142857142857144126e-01,-7.142857142857144126e-01
7.606249999999999956e-01,2.524971366857418076e-01,7.142857142857144126e-01,7.142857142857144126e-01
7.609375000000000444e-01,3.733244922461524951e+00,3.571428571428571175e+00,3.571428571428571175e+00
7.612499999999999822e-01,4.185852159907009984e+00,3.571428571428571175e+00,3.571428571428571175e+00
7.615625000000000311e-01,1.571340617643394166e+00,2.142857142857143238e+00,7.142857142857144126e-01
7.618749999999999689e-01,1.528142278836361667e+00,2.142857142857143238e+00,2.142857142857143238e+00
7.621875000000000178e-01,4.059977355418770806e+00,3.571428571428571175e+00,3.571428571428571175e+00
7.625000000000000666e-01,3.535533905931792731e+00,3.571428571428571175e+00,3.571428571428571175e+00
7.628125000000000044e-01,-2.335189530100478805e-05,-7.142857142857144126e-01,7.142857142857144126e-01
7.631250000000000533e-01,-8.289425963241108253e-01,-7.142857142857144126e-01,-7.142857142857144126e-01
7.634374999999999911e-01,1.120162141384679622e+00,7.142857142857144126e-01,2.142857142857143238e+00
7.637500000000000400e-01,2.661632652774790220e-01,7.142857142857144126e-01,7.142857142857144126e-01
7.640624999999999778e-01,-3.317393414863926804e+00,-3.571428571428571175e+00,-3.571428571428571175e+00
7.643750000000000266e-01,-3.908622399280485826e+00,-3.571428571428571175e+00,-3.571428571428571175e+00
7.646874999999999645e-01,-1.456607444823556863e+00,-2.142857142857142794e+00,-2.142857142857142794e+00
7.650000000000000133e-01,-1.585786437627010770e+00,-2.142857142857142794e+00,-2.142857142857142794e+00
7.653125000000000622e-01,-4.285034569570010277e+00,-3.571428571428571175e+00,-5.000000000000000000e+00
7.656250000000000000e-01,-3.908622399280937465e+00,-3.571428571428571175e+00,-3.571428571428571175e+00
7.659375000000000488e-01,-4.889662901170206410e-01,-7.142857142857144126e-01,7.142857142857144126e-01
7.662499999999999867e-01,2.661632652780174801e-01,7.142857142857144126e-01,7.142857142857144126e-01
7.665625000000000355e-01,-1.708264983362543399e+00,-2.142857142857142794e+00,-2.142857142857142794e+00
7.668749999999999734e-01,-8.289425963246996876e-01,-7.142857142857144126e-01,-7.142857142857144126e-01
7.671875000000000222e-01,2.828403772851585618e+00,2.142857142857143238e+00,2.142857142857143238e+00
7.675000000000000711e-01,3.535533905932029874e+00,3.571428571428571175e+00,3.571428571428571175e+00
7.678125000000000089e-01,1.231550230671641710e+00,7.142857142857144126e-01,7.142857142857144126e-01
7.681250000000000577e-01,1.528142278837138823e+00,2.142857142857143238e+00,2.142857142857143238e+00
7.684374999999999956e-01,4.399767742389813385e+00,5.000000000000000000e+00,3.571428571428571175e+00
7.687500000000000444e-01,4.185852159906618297e+00,3.571428571428571175e+00,5.000000000000000000e+00
7.690624999999999822e-01,9.048177977152376261e-01,7.142857142857144126e-01,2.142857142857143238e+00
7.693750000000000311e-01,2.524971366859987132e-01,7.142857142857144126e-01,7.142857142857144126e-01
7.696874999999999689e-01,2.285067594136453550e+00,2.142857142857143238e+00,2.142857142857143238e+00
7.700000000000000178e-01,1.414213562373078936e+00,7.142857142857144126e-01,2.142857142857143238e+00
7.703125000000000666e-01,-2.285067594137299540e+00,-2.142857142857142794e+00,-2.142857142857142794e+00
7.706250000000000044e-01,-3.080924261431349009e+00,-3.571428571428571175e+00,-3.571428571428571175e+00
7.709375000000000533e-01,-9.048177977145204220e-01,-7.142857142857144126e-01,-2.142857142857142794e+00
7.712499999999999911e-01,-1.357425035160933602e+00,-7.142857142857144126e-01,-7.142857142857144126e-01
7.715625000000000400e-01,-4.399767742390192637e+00,-5.000000000000000000e+00,-5.000000000000000000e+00
7.718749999999999778e-01,-4.356569403582705391e+00,-5.000000000000000000e+00,-5.000000000000000000e+00
7.721875000000000266e-01,-1.231550230671717872e+00,-7.142857142857144126e-01,-7.142857142857144126e-01
7.724999999999999645e-01,-7.071067811866456054e-01,-7.142857142857144126e-01,-7.142857142857144126e-01
7.728125000000000133e-01,-2.828403772851230791e+00,-2.142857142857142794e+00,-2.142857142857142794e+00
7.731250000000000622e-01,-1.999484528421150653e+00,-2.142857142857142794e+00,-2.142857142857142794e+00
7.734375000000000000e-01,1.708264983361618361e+00,2.142857142857143238e+00,2.142857142857143238e+00
7.737500000000000488e-01,2.562263859468265181e+00,2.142857142857143238e+00,2.142857142857143238e+00
7.740624999999999867e-01,4.889662901178093435e-01,7.142857142857144126e-01,7.142857142857144126e-01
7.743750000000000355e-01,1.080195274535204142e+00,7.142857142857144126e-01,7.142857142857144126e-01
7.746874999999999734e-01,4.285034569569961427e+00,3.571428571428571175e+00,5.000000000000000000e+00
7.750000000000000222e-01,4.414213562372590438e+00,5.000000000000000000e+00,3.571428571428571175e+00
7.753125000000000711e-01,1.456607444822770381e+00,2.142857142857143238e+00,2.142857142857143238e+00
7.756250000000000089e-01,1.080195274534869965e+00,7.142857142857144126e-01,2.142857142857143238e+00
7.759375000000000577e-01,3.317393414864654666e+00,3.571428571428571175e+00,2.142857142857143238e+00
7.762499999999999956e-01,2.562263859468355776e+00,2.142857142857143238e+00,2.142857142857143238e+00
7.765625000000000444e-01,-1.120162141384906551e+00,-7.142857142857144126e-01,-7.142857142857144126e-01
7.768749999999999822e-01,-1.999484528421197504e+00,-2.142857142857142794e+00,-2.142857142857142794e+00
7.771875000000000311e-01,2.335189535473958244e-05,7.142857142857144126e-01,7.142857142857144126e-01
7.774999999999999689e-01,-7.071067811862596919e-01,-7.142857142857144126e-01,-7.142857142857144126e-01
7.778125000000000178e-01,-4.059977355418098455e+00,-3.571428571428571175e+00,-3.571428571428571175e+00
7.781250000000000666e-01,-4.356569403581886490e+00,-5.000000000000000000e+00,-5.000000000000000000e+00
7.784375000000000044e-01,-1.571340617642995818e+00,-2.142857142857142794e+00,-2.142857142857142794e+00
7.787500000000000533e-01,-1.357425035161536453e+00,-7.142857142857144126e-01,-7.142857142857144126e-01
7.790624999999999911e-01,-3.733244922461741222e+00,-3.571428571428571175e+00,-3.571428571428571175e+00
7.793750000000000400e-01,-3.080924261431267297e+00,-3.571428571428571175e+00,-3.571428571428571175e+00
7.796874999999999778e-01,5.433595306095435618e-01,7.142857142857144126e-01,7.142857142857144126e-01
7.800000000000000266e-01,1.414213562372647504e+00,7.142857142857144126e-01,2.142857142857143238e+00
7.803124999999999645e-01,-5.433595306098175648e-01,-7.142857142857144126e-01,-7.142857142857144126e-01
7.806250000000000133e-01,2.524971366857355903e-01,7.142857142857144126e-01,7.142857142857144126e-01
7.809375000000000622e-01,3.733244922461774085e+00,3.571428571428571175e+00,3.571428571428571175e+00
7.812500000000000000e-01,4.185852159906911396e+00,3.571428571428571175e+00,5.000000000000000000e+00
7.815625000000000488e-01,1.571340617643220527e+00,2.142857142857143238e+00,2.142857142857143238e+00
7.818749999999999867e-01,1.528142278836488011e+00,2.142857142857143238e+00,2.142857142857143238e+00
7.821875000000000355e-01,4.059977355418213918e+00,3.571428571428571175e+00,5.000000000000000000e+00
7.824999999999999734e-01,3.535533905933302634e+00,3.571428571428571175e+00,3.571428571428571175e+00
7.828125000000000222e-01,-2.335189558588801617e-05,-7.142857142857144126e-01,-7.142857142857144126e-01
7.831250000000000711e-01,-8.289425963240998341e-01,-7.142857142857144126e-01,-7.142857142857144126e-01
7.834375000000000089e-01,1.120162141385028232e+00,7.142857142857144126e-01,7.142857142857144126e-01
7.837500000000000577e-01,2.661632652771879215e-01,7.142857142857144126e-01,7.142857142857144126e-01
7.840624999999999956e-01,-3.317393414864195478e+00,-3.571428571428571175e+00,-2.142857142857142794e+00
7.843750000000000444e-01,-3.908622399280222481e+00,-3.571428571428571175e+00,-5.000000000000000000e+00
7.846874999999999822e-01,-1.456607444823444286e+00,-2.142857142857142794e+00,-7.142857142857144126e-01
7.850000000000000311e-01,-1.585786437627165979e+00,-2.142857142857142794e+00,-2.142857142857142794e+00
7.853124999999999689e-01,-4.285034569569678098e+00,-3.571428571428571175e+00,-3.571428571428571175e+00
7.856250000000000178e-01,-3.908622399280699877e+00,-3.571428571428571175e+00,-3.571428571428571175e+00
7.859375000000000666e-01,-4.889662901173950083e-01,-7.142857142857144126e-01,7.142857142857144126e-01
7.862500000000000044e-01,2.661632652776830810e-01,7.142857142857144126e-01,-7.142857142857144126e-01
7.865625000000000533e-01,-1.708264983362552281e+00,-2.142857142857142794e+00,-2.142857142857142794e+00
7.868749999999999911e-01,-8.289425963244002604e-01,-7.142857142857144126e-01,-7.142857142857144126e-01
7.871875000000000400e-01,2.828403772851569631e+00,2.142857142857143238e+00,3.571428571428571175e+00
7.874999999999999778e-01,3.535533905932380261e+00,3.571428571428571175e+00,3.571428571428571175e+00
7.878125000000000266e-01,1.231550230671555779e+00,7.142857142857144126e-01,7.142857142857144126e-01
7.881249999999999645e-01,1.528142278836546408e+00,2.142857142857143238e+00,7.142857142857144126e-01
7.884375000000000133e-01,4.399767742389954606e+00,5.000000000000000000e+00,3.571428571428571175e+00
7.887500000000000622e-01,4.185852159906406911e+00,3.571428571428571175e+00,5.000000000000000000e+00
7.890625000000000000e-01,9.048177977152056517e-01,7.142857142857144126e-01,7.142857142857144126e-01
7.893750000000000488e-01,2.524971366860317978e-01,7.142857142857144126e-01,-7.142857142857144126e-01
7.896874999999999867e-01,2.285067594136468205e+00,2.142857142857143238e+00,3.571428571428571175e+00
7.900000000000000355e-01,1.414213562373117572e+00,7.142857142857144126e-01,7.142857142857144126e-01
7.903124999999999734e-01,-2.285067594135982372e+00,-2.142857142857142794e+00,-2.142857142857142794e+00
7.906250000000000222e-01,-3.080924261431316147e+00,-3.571428571428571175e+00,-2.142857142857142794e+00
7.909375000000000711e-01,-9.048177977142422002e-01,-7.142857142857144126e-01,-7.142857142857144126e-01
7.912500000000000089e-01,-1.357425035161144766e+00,-7.142857142857144126e-01,-2.142857142857142794e+00
7.915625000000000577e-01,-4.399767742390362280e+00,-5.000000000000000000e+00,-5.000000000000000000e+00
7.918749999999999956e-01,-4.356569403582588151e+00,-5.000000000000000000e+00,-3.571428571428571175e+00
7.921875000000000444e-01,-1.231550230671493384e+00,-7.142857142857144126e-01,-7.142857142857144126e-01
7.924999999999999822e-01,-7.071067811866968977e-01,-7.142857142857144126e-01,-7.142857142857144126e-01
7.928125000000000311e-01,-2.828403772851556752e+00,-2.142857142857142794e+00,-3.571428571428571175e+00
7.931249999999999689e-01,-1.999484528421828777e+00,-2.142857142857142794e+00,-2.142857142857142794e+00
7.934375000000000178e-01,1.708264983361919898e+00,2.142857142857143238e+00,2.142857142857143238e+00
7.937500000000000666e-01,2.562263859467930338e+00,2.142857142857143238e+00,2.142857142857143238e+00
7.940625000000000044e-01,4.889662901177675991e-01,7.142857142857144126e-01,7.142857142857144126e-01
7.943750000000000533e-01,1.080195274535441063e+00,7.142857142857144126e-01,2.142857142857143238e+00
7.946874999999999911e-01,4.285034569569416973e+00,3.571428571428571175e+00,5.000000000000000000e+00
7.950000000000000400e-01,4.414213562372435007e+00,5.000000000000000000e+00,3.571428571428571175e+00
7.953124999999999778e-01,1.456607444823315278e+00,2.142857142857143238e+00,2.142857142857143238e+00
7.956250000000000266e-01,1.080195274535133088e+00,7.142857142857144126e-01,7.142857142857144126e-01
7.959374999999999645e-01,3.317393414864316714e+00,3.571428571428571175e+00,3.571428571428571175e+00
7.962500000000000133e-01,2.562263859468064453e+00,2.142857142857143238e+00,2.142857142857143238e+00
7.965625000000000622e-01,-1.120162141384868582e+00,-7.142857142857144126e-01,-2.142857142857142794e+00
7.968750000000000000e-01,-1.999484528421186624e+00,-2.142857142857142794e+00,-2.142857142857142794e+00
7.971875000000000488e-01,2.335189538049675662e-05,7.142857142857144126e-01,-7.142857142857144126e-01
7.974999999999999867e-01,-7.071067811862774555e-01,-7.142857142857144126e-01,-7.142857142857144126e-01
7.978125000000000355e-01,-4.059977355418323164e+00,-3.571428571428571175e+00,-3.571428571428571175e+00
7.981249999999999734e-01,-4.356569403582980726e+00,-5.000000000000000000e+00,-5.000000000000000000e+00
7.984375000000000222e-01,-1.571340617643502746e+00,-2.142857142857142794e+00,-7.142857142857144126e-01
7.987500000000000711e-01,-1.357425035161635707e+00,-7.142857142857144126e-01,-7.142857142857144126e-01
7.990625000000000089e-01,-3.733244922461802950e+00,-3.571428571428571175e+00,-3.571428571428571175e+00
7.993750000000000577e-01,-3.080924261431273514e+00,-3.571428571428571175e+00,-3.571428571428571175e+00
7.996874999999999956e-01,5.433595306098392141e-01,7.142857142857144126e-01,7.142857142857144126e-01
8.000000000000000444e-01,1.414213562372639288e+00,7.142857142857144126e-01,2.142857142857143238e+00
8.003124999999999822e-01,-5.433595306101584033e-01,-7.142857142857144126e-01,-7.142857142857144126e-01
8.006250000000000311e-01,2.524971366860129240e-01,7.142857142857144126e-01,-7.142857142857144126e-01
8.009374999999999689e-01,3.733244922461163462e+00,3.571428571428571175e+00,3.571428571428571175e+00
8.012500000000000178e-01,4.185852159906682246e+00,3.571428571428571175e+00,3.571428571428571175e+00
8.015625000000000666e-01,1.571340617643079307e+00,2.142857142857143238e+00,7.142857142857144126e-01
8.018750000000000044e-01,1.528142278836614798e+00,2.142857142857143238e+00,7.142857142857144126e-01
8.021875000000000533e-01,4.059977355418460832e+00,3.571428571428571175e+00,3.571428571428571175e+00
8.024999999999999911e-01,3.535533905933043286e+00,3.571428571428571175e+00,3.571428571428571175e+00
8.028125000000000400e-01,-2.335189587077124429e-05,-7.142857142857144126e-01,7.142857142857144126e-01
8.031249999999999778e-01,-8.289425963240628636e-01,-7.142857142857144126e-01,-7.142857142857144126e-01
8.034375000000000266e-01,1.120162141385037113e+00,7.142857142857144126e-01,2.142857142857143238e+00
8.037499999999999645e-01,2.661632652778551655e-01,7.142857142857144126e-01,7.142857142857144126e-01
8.040625000000000133e-01,-3.317393414864200807e+00,-3.571428571428571175e+00,-3.571428571428571175e+00
8.043750000000000622e-01,-3.908622399280148763e+00,-3.571428571428571175e+00,-5.000000000000000000e+00
8.046875000000000000e-01,-1.456607444823331710e+00,-2.142857142857142794e+00,-7.142857142857144126e-01
8.050000000000000488e-01,-1.585786437627321188e+00,-2.142857142857142794e+00,-7.142857142857144126e-01
8.053124999999999867e-01,-4.285034569569790897e+00,-3.571428571428571175e+00,-3.571428571428571175e+00
8.056250000000000355e-01,-3.908622399280463178e+00,-3.571428571428571175e+00,-3.571428571428571175e+00
8.059374999999999734e-01,-4.889662901180327204e-01,-7.142857142857144126e-01,-7.142857142857144126e-01
8.062500000000000222e-01,2.661632652776635410e-01,7.142857142857144126e-01,-7.142857142857144126e-01
8.065625000000000711e-01,-1.708264983362561384e+00,-2.142857142857142794e+00,-7.142857142857144126e-01
8.068750000000000089e-01,-8.289425963244354545e-01,-7.142857142857144126e-01,-7.142857142857144126e-01
8.071875000000000577e-01,2.828403772851854292e+00,2.142857142857143238e+00,2.142857142857143238e+00
8.074999999999999956e-01,3.535533905932329191e+00,3.571428571428571175e+00,3.571428571428571175e+00
8.078125000000000444e-01,1.231550230671309087e+00,7.142857142857144126e-01,7.142857142857144126e-01
8.081249999999999822e-01,1.528142278836730705e+00,2.142857142857143238e+00,7.142857142857144126e-01
8.084375000000000311e-01,4.399767742390094938e+00,5.000000000000000000e+00,5.000000000000000000e+00
8.087499999999999689e-01,4.185852159906970016e+00,3.571428571428571175e+00,3.571428571428571175e+00
8.090625000000000178e-01,9.048177977149569617e-01,7.142857142857144126e-01,7.142857142857144126e-01
8.093750000000000666e-01,2.524971366860648825e-01,7.142857142857144126e-01,7.142857142857144126e-01
8.096875000000000044e-01,2.285067594136808822e+00,2.142857142857143238e+00,2.142857142857143238e+00
8.100000000000000533e-01,1.414213562372815369e+00,7.142857142857144126e-01,2.142857142857143238e+00
8.103124999999999911e-01,-2.285067594136278579e+00,-2.142857142857142794e+00,-2.142857142857142794e+00
8.106250000000000400e-01,-3.080924261431642108e+00,-3.571428571428571175e+00,-3.571428571428571175e+00
8.109374999999999778e-01,-9.048177977152500606e-01,-7.142857142857144126e-01,-7.142857142857144126e-01
8.112500000000000266e-01,-1.357425035161356375e+00,-7.142857142857144126e-01,-2.142857142857142794e+00
8.115624999999999645e-01,-4.399767742389855130e+00,-5.000000000000000000e+00,-5.000000000000000000e+00
8.118750000000000133e-01,-4.356569403582404298e+00,-5.000000000000000000e+00,-5.000000000000000000e+00
8.121875000000000622e-01,-1.231550230671268675e+00,-7.142857142857144126e-01,-2.142857142857142794e+00
8.125000000000000000e-01,-7.071067811867481900e-01,-7.142857142857144126e-01,-7.142857142857144126e-01
8.128125000000000488e-01,-2.828403772851582509e+00,-2.142857142857142794e+00,-3.571428571428571175e+00
8.131249999999999867e-01,-1.999484528421529461e+00,-2.142857142857142794e+00,-2.142857142857142794e+00
8.134375000000000355e-01,1.708264983361881928e+00,2.142857142857143238e+00,2.142857142857143238e+00
8.137499999999999734e-01,2.562263859468239424e+00,2.142857142857143238e+00,2.142857142857143238e+00
8.140625000000000222e-01,4.889662901177260768e-01,7.142857142857144126e-01,7.142857142857144126e-01
8.143750000000000711e-01,1.080195274534845318e+00,7.142857142857144126e-01,7.142857142857144126e-01
8.146875000000000089e-01,4.285034569569615037e+00,3.571428571428571175e+00,3.571428571428571175e+00
8.150000000000000577e-01,4.414213562372922617e+00,5.000000000000000000e+00,5.000000000000000000e+00
8.153124999999999956e-01,1.456607444824403075e+00,2.142857142857143238e+00,7.142857142857144126e-01
8.156250000000000444e-01,1.080195274533920280e+00,7.142857142857144126e-01,2.142857142857143238e+00
8.159374999999999822e-01,3.317393414863715417e+00,3.571428571428571175e+00,2.142857142857143238e+00
8.162500000000000311e-01,2.562263859468731919e+00,2.142857142857143238e+00,2.142857142857143238e+00
8.165624999999999689e-01,-1.120162141382901266e+00,-7.142857142857144126e-01,-7.142857142857144126e-01
8.168750000000000178e-01,-1.999484528422461604e+00,-2.142857142857142794e+00,-2.142857142857142794e+00
8.171875000000000666e-01,2.335189570668028125e-05,7.142857142857144126e-01,-7.142857142857144126e-01
8.175000000000000044e-01,-7.071067811858935404e-01,-7.142857142857144126e-01,-7.142857142857144126e-01
8.178125000000000533e-01,-4.059977355417904832e+00,-3.571428571428571175e+00,-5.000000000000000000e+00
8.181249999999999911e-01,-4.356569403582853717e+00,-5.000000000000000000e+00,-3.571428571428571175e+00
8.184375000000000400e-01,-1.571340617643333326e+00,-2.142857142857142794e+00,-2.142857142857142794e+00
8.187499999999999778e-01,-1.357425035159936177e+00,-7.142857142857144126e-01,-7.142857142857144126e-01
8.190625000000000266e-01,-3.733244922460794868e+00,-3.571428571428571175e+00,-3.571428571428571175e+00
8.193749999999999645e-01,-3.080924261432565814e+00,-3.571428571428571175e+00,-3.571428571428571175e+00
8.196875000000000133e-01,5.433595306094920474e-01,7.142857142857144126e-01,7.142857142857144126e-01
8.200000000000000622e-01,1.414213562372933053e+00,7.142857142857144126e-01,7.142857142857144126e-01
8.203125000000000000e-01,-5.433595306088866428e-01,-7.142857142857144126e-01,7.142857142857144126e-01
8.206250000000000488e-01,2.524971366850043974e-01,7.142857142857144126e-01,-7.142857142857144126e-01
8.209374999999999867e-01,3.733244922460768667e+00,3.571428571428571175e+00,3.571428571428571175e+00
8.212500000000000355e-01,4.185852159907225811e+00,3.571428571428571175e+00,3.571428571428571175e+00
8.215624999999999734e-01,1.571340617643548043e+00,2.142857142857143238e+00,7.142857142857144126e-01
8.218750000000000222e-01,1.528142278836741141e+00,2.142857142857143238e+00,2.142857142857143238e+00
8.221875000000000711e-01,4.059977355418546097e+00,3.571428571428571175e+00,5.000000000000000000e+00
8.225000000000000089e-01,3.535533905933426979e+00,3.571428571428571175e+00,2.142857142857143238e+00
8.228125000000000577e-01,-2.335189456870168101e-05,-7.142857142857144126e-01,-7.142857142857144126e-01
8.231249999999999956e-01,-8.289425963246948026e-01,-7.142857142857144126e-01,-7.142857142857144126e-01
8.234375000000000444e-01,1.120162141384402954e+00,7.142857142857144126e-01,7.142857142857144126e-01
8.237499999999999822e-01,2.661632652788503695e-01,7.142857142857144126e-01,7.142857142857144126e-01
8.240625000000000311e-01,-3.317393414863183843e+00,-3.571428571428571175e+00,-3.571428571428571175e+00
8.243749999999999689e-01,-3.908622399281171944e+00,-3.571428571428571175e+00,-3.571428571428571175e+00
8.246875000000000178e-01,-1.456607444823862174e+00,-2.142857142857142794e+00,-7.142857142857144126e-01
8.250000000000000666e-01,-1.585786437626833356e+00,-2.142857142857142794e+00,-2.142857142857142794e+00
8.253125000000000044e-01,-4.285034569569903695e+00,-3.571428571428571175e+00,-5.000000000000000000e+00
8.256250000000000533e-01,-3.908622399280416104e+00,-3.571428571428571175e+00,-3.571428571428571175e+00
8.259374999999999911e-01,-4.889662901186706545e-01,-7.142857142857144126e-01,-7.142857142857144126e-01
8.262500000000000400e-01,2.661632652782872643e-01,7.142857142857144126e-01,-7.142857142857144126e-01
8.265624999999999778e-01,-1.708264983361623246e+00,-2.142857142857142794e+00,-2.142857142857142794e+00
8.268750000000000266e-01,-8.289425963247790685e-01,-7.142857142857144126e-01,-7.142857142857144126e-01
8.271874999999999645e-01,2.828403772849909181e+00,2.142857142857143238e+00,2.142857142857143238e+00
8.275000000000000133e-01,3.535533905933563759e+00,3.571428571428571175e+00,3.571428571428571175e+00
8.278125000000000622e-01,1.231550230672509239e+00,7.142857142857144126e-01,7.142857142857144126e-01
8.281250000000000000e-01,1.528142278836271073e+00,2.142857142857143238e+00,7.142857142857144126e-01
8.284375000000000488e-01,4.399767742389593117e+00,5.000000000000000000e+00,3.571428571428571175e+00
8.287499999999999867e-01,4.185852159908174386e+00,3.571428571428571175e+00,3.571428571428571175e+00
8.290625000000000355e-01,9.048177977147084938e-01,7.142857142857144126e-01,7.142857142857144126e-01
8.293749999999999734e-01,2.524971366850954357e-01,7.142857142857144126e-01,7.142857142857144126e-01
8.296875000000000222e-01,2.285067594136180436e+00,2.142857142857143238e+00,2.142857142857143238e+00
8.300000000000000711e-01,1.414213562373156208e+00,7.142857142857144126e-01,2.142857142857143238e+00
8.303125000000000089e-01,-2.285067594136574343e+00,-2.142857142857142794e+00,-2.142857142857142794e+00
8.306250000000000577e-01,-3.080924261431609246e+00,-3.571428571428571175e+00,-3.571428571428571175e+00
8.309374999999999956e-01,-9.048177977158313734e-01,-7.142857142857144126e-01,-7.142857142857144126e-01
8.312500000000000444e-01,-1.357425035160281901e+00,-7.142857142857144126e-01,-7.142857142857144126e-01
8.315624999999999822e-01,-4.399767742389348868e+00,-5.000000000000000000e+00,-3.571428571428571175e+00
8.318750000000000311e-01,-4.356569403582863487e+00,-5.000000000000000000e+00,-5.000000000000000000e+00
8.321874999999999689e-01,-1.231550230673134294e+00,-7.142857142857144126e-01,-7.142857142857144126e-01
8.325000000000000178e-01,-7.071067811857540963e-01,-7.142857142857144126e-01,-7.142857142857144126e-01
8.328125000000000666e-01,-2.828403772851607823e+00,-2.142857142857142794e+00,-3.571428571428571175e+00
8.331250000000000044e-01,-1.999484528421873186e+00,-2.142857142857142794e+00,-2.142857142857142794e+00
8.334375000000000533e-01,1.708264983361540423e+00,2.142857142857143238e+00,2.142857142857143238e+00
8.337499999999999911e-01,2.562263859468219884e+00,2.142857142857143238e+00,3.571428571428571175e+00
8.340625000000000400e-01,4.889662901176845544e-01,7.142857142857144126e-01,7.142857142857144126e-01
8.343749999999999778e-01,1.080195274533606309e+00,7.142857142857144126e-01,7.142857142857144126e-01
8.346875000000000266e-01,4.285034569569170060e+00,3.571428571428571175e+00,3.571428571428571175e+00
8.349999999999999645e-01,4.414213562373410227e+00,5.000000000000000000e+00,5.000000000000000000e+00
8.353125000000000133e-01,1.456607444823661668e+00,2.142857142857143238e+00,7.142857142857144126e-01
8.356250000000000622e-01,1.080195274534637040e+00,7.142857142857144126e-01,2.142857142857143238e+00
8.359375000000000000e-01,3.317393414863113676e+00,3.571428571428571175e+00,3.571428571428571175e+00
8.362500000000000488e-01,2.562263859469084082e+00,2.142857142857143238e+00,2.142857142857143238e+00
8.365624999999999867e-01,-1.120162141383846066e+00,-7.142857142857144126e-01,-2.142857142857142794e+00
8.368750000000000355e-01,-1.999484528421807461e+00,-2.142857142857142794e+00,-2.142857142857142794e+00
8.371874999999999734e-01,2.335189410396232290e-05,7.142857142857144126e-01,7.142857142857144126e-01
8.375000000000000222e-01,-7.071067811867957076e-01,-7.142857142857144126e-01,-7.142857142857144126e-01
8.378125000000000711e-01,-4.059977355418772582e+00,-3.571428571428571175e+00,-3.571428571428571175e+00
8.381250000000000089e-01,-4.356569403583303135e+00,-5.000000000000000000e+00,-5.000000000000000000e+00
8.384375000000000577e-01,-1.571340617643806503e+00,-2.142857142857142794e+00,-2.142857142857142794e+00
8.387499999999999956e-01,-1.357425035160678028e+00,-7.142857142857144126e-01,-2.142857142857142794e+00
8.390625000000000444e-01,-3.733244922461500082e+00,-3.571428571428571175e+00,-5.000000000000000000e+00
8.393749999999999822e-01,-3.080924261432931743e+00,-3.571428571428571175e+00,-3.571428571428571175e+00
8.396875000000000311e-01,5.433595306091447696e-01,7.142857142857144126e-01,7.142857142857144126e-01
8.399999999999999689e-01,1.414213562373226818e+00,7.142857142857144126e-01,7.142857142857144126e-01
8.403125000000000178e-01,-5.433595306095445610e-01,-7.142857142857144126e-01,-7.142857142857144126e-01
8.406250000000000666e-01,2.524971366859247723e-01,7.142857142857144126e-01,7.142857142857144126e-01
8.409375000000000044e-01,3.733244922460157156e+00,3.571428571428571175e+00,3.571428571428571175e+00
8.412500000000000533e-01,4.185852159906484182e+00,3.571428571428571175e+00,3.571428571428571175e+00
8.415624999999999911e-01,1.571340617644050752e+00,2.142857142857143238e+00,2.142857142857143238e+00
8.418750000000000400e-01,1.528142278836291501e+00,2.142857142857143238e+00,2.142857142857143238e+00
8.421874999999999778e-01,4.059977355418149969e+00,3.571428571428571175e+00,3.571428571428571175e+00
8.425000000000000266e-01,3.535533905932525034e+00,3.571428571428571175e+00,3.571428571428571175e+00
8.428124999999999645e-01,-2.335189390989533820e-05,-7.142857142857144126e-01,-7.142857142857144126e-01
8.431250000000000133e-01,-8.289425963253268526e-01,-7.142857142857144126e-01,-7.142857142857144126e-01
8.434375000000000622e-01,1.120162141383768795e+00,7.142857142857144126e-01,2.142857142857143238e+00
8.437500000000000000e-01,2.661632652782313091e-01,7.142857142857144126e-01,7.142857142857144126e-01
8.440625000000000488e-01,-3.317393414864095558e+00,-3.571428571428571175e+00,-2.142857142857142794e+00
8.443749999999999867e-01,-3.908622399281741711e+00,-3.571428571428571175e+00,-5.000000000000000000e+00
8.446875000000000355e-01,-1.456607444824293607e+00,-2.142857142857142794e+00,-2.142857142857142794e+00
8.449999999999999734e-01,-1.585786437626345302e+00,-2.142857142857142794e+00,-7.142857142857144126e-01
8.453125000000000222e-01,-4.285034569569372565e+00,-3.571428571428571175e+00,-3.571428571428571175e+00
8.456250000000000711e-01,-3.908622399280822002e+00,-3.571428571428571175e+00,-5.000000000000000000e+00
8.459375000000000089e-01,-4.889662901177589394e-01,-7.142857142857144126e-01,-7.142857142857144126e-01
8.462500000000000577e-01,2.661632652776244612e-01,7.142857142857144126e-01,-7.142857142857144126e-01
8.465624999999999956e-01,-1.708264983361328593e+00,-2.142857142857142794e+00,-2.142857142857142794e+00
8.468750000000000444e-01,-8.289425963251226825e-01,-7.142857142857144126e-01,-7.142857142857144126e-01
8.471874999999999822e-01,2.828403772850837328e+00,2.142857142857143238e+00,2.142857142857143238e+00
8.475000000000000311e-01,3.535533905932628507e+00,3.571428571428571175e+00,3.571428571428571175e+00
8.478124999999999689e-01,1.231550230672905588e+00,7.142857142857144126e-01,7.142857142857144126e-01
8.481250000000000178e-01,1.528142278835812107e+00,2.142857142857143238e+00,7.142857142857144126e-01
8.484375000000000666e-01,4.399767742389124159e+00,5.000000000000000000e+00,3.571428571428571175e+00
8.487500000000000044e-01,4.185852159907319958e+00,3.571428571428571175e+00,5.000000000000000000e+00
8.490625000000000533e-01,9.048177977151032891e-01,7.142857142857144126e-01,2.142857142857143238e+00
8.493749999999999911e-01,2.524971366847688081e-01,7.142857142857144126e-01,7.142857142857144126e-01
8.496875000000000400e-01,2.285067594136838132e+00,2.142857142857143238e+00,2.142857142857143238e+00
8.499999999999999778e-01,1.414213562373838329e+00,7.142857142857144126e-01,2.142857142857143238e+00
8.503125000000000266e-01,-2.285067594135901103e+00,-2.142857142857142794e+00,-2.142857142857142794e+00
8.506249999999999645e-01,-3.080924261431935651e+00,-3.571428571428571175e+00,-2.142857142857142794e+00
8.509375000000000133e-01,-9.048177977151261597e-01,-7.142857142857144126e-01,-7.142857142857144126e-01
8.512500000000000622e-01,-1.357425035161006210e+00,-7.142857142857144126e-01,-2.142857142857142794e+00
8.515625000000000000e-01,-4.399767742388874581e+00,-5.000000000000000000e+00,-5.000000000000000000e+00
8.518750000000000488e-01,-4.356569403583322675e+00,-5.000000000000000000e+00,-5.000000000000000000e+00
8.521874999999999867e-01,-1.231550230672427526e+00,-7.142857142857144126e-01,-2.142857142857142794e+00
8.525000000000000355e-01,-7.071067811864484298e-01,-7.142857142857144126e-01,-7.142857142857144126e-01
8.528124999999999734e-01,-2.828403772850005105e+00,-2.142857142857142794e+00,-2.142857142857142794e+00
8.531250000000000222e-01,-1.999484528422551310e+00,-2.142857142857142794e+00,-2.142857142857142794e+00
8.534375000000000711e-01,1.708264983362485223e+00,2.142857142857143238e+00,2.142857142857143238e+00
8.537500000000000089e-01,2.562263859468843386e+00,2.142857142857143238e+00,2.142857142857143238e+00
8.540625000000000577e-01,4.889662901180222843e-01,7.142857142857144126e-01,7.142857142857144126e-01
8.543749999999999956e-01,1.080195274534486938e+00,7.142857142857144126e-01,2.142857142857143238e+00
8.546875000000000444e-01,4.285034569570011165e+00,3.571428571428571175e+00,5.000000000000000000e+00
8.549999999999999822e-01,4.414213562373898725e+00,5.000000000000000000e+00,5.000000000000000000e+00
8.553125000000000311e-01,1.456607444824106423e+00,2.142857142857143238e+00,2.142857142857143238e+00
8.556249999999999689e-01,1.080195274534256900e+00,7.142857142857144126e-01,2.142857142857143238e+00
8.559375000000000178e-01,3.317393414864062251e+00,3.571428571428571175e+00,2.142857142857143238e+00
8.562500000000000666e-01,2.562263859468149718e+00,2.142857142857143238e+00,2.142857142857143238e+00
8.565625000000000044e-01,-1.120162141383504339e+00,-7.142857142857144126e-01,-2.142857142857142794e+00
8.568750000000000533e-01,-1.999484528422105001e+00,-2.142857142857142794e+00,-2.142857142857142794e+00
8.571874999999999911e-01,2.335189477253862833e-05,7.142857142857144126e-01,-7.142857142857144126e-01
8.575000000000000400e-01,-7.071067811864117925e-01,-7.142857142857144126e-01,-7.142857142857144126e-01
8.578124999999999778e-01,-4.059977355416745759e+00,-3.571428571428571175e+00,-3.571428571428571175e+00
8.581250000000000266e-01,-4.356569403582533972e+00,-5.000000000000000000e+00,-3.571428571428571175e+00
8.584374999999999645e-01,-1.571340617644313209e+00,-2.142857142857142794e+00,-2.142857142857142794e+00
8.587500000000000133e-01,-1.357425035160264359e+00,-7.142857142857144126e-01,-7.142857142857144126e-01
8.590625000000000622e-01,-3.733244922460918769e+00,-3.571428571428571175e+00,-3.571428571428571175e+00
8.593750000000000000e-01,-3.080924261432010702e+00,-3.571428571428571175e+00,-3.571428571428571175e+00
8.596875000000000488e-01,5.433595306097573907e-01,7.142857142857144126e-01,7.142857142857144126e-01
8.599999999999999867e-01,1.414213562373861643e+00,7.142857142857144126e-01,7.142857142857144126e-01
8.603125000000000355e-01,-5.433595306089160637e-01,-7.142857142857144126e-01,-7.142857142857144126e-01
8.606249999999999734e-01,2.524971366849919630e-01,7.142857142857144126e-01,7.142857142857144126e-01
8.609375000000000222e-01,3.733244922461048887e+00,3.571428571428571175e+00,3.571428571428571175e+00
8.612500000000000711e-01,4.185852159907027747e+00,3.571428571428571175e+00,3.571428571428571175e+00
8.615625000000000089e-01,1.571340617644519488e+00,2.142857142857143238e+00,2.142857142857143238e+00
8.618750000000000577e-01,1.528142278837060442e+00,2.142857142857143238e+00,2.142857142857143238e+00
8.621874999999999956e-01,4.059977355417593081e+00,3.571428571428571175e+00,3.571428571428571175e+00
8.625000000000000444e-01,3.535533905933149867e+00,3.571428571428571175e+00,3.571428571428571175e+00
8.628124999999999822e-01,-2.335189483759769757e-05,-7.142857142857144126e-01,-7.142857142857144126e-01
8.631250000000000311e-01,-8.289425963246728202e-01,-7.142857142857144126e-01,-7.142857142857144126e-01
8.634374999999999689e-01,1.120162141383813426e+00,7.142857142857144126e-01,7.142857142857144126e-01
8.637500000000000178e-01,2.661632652785832498e-01,7.142857142857144126e-01,-7.142857142857144126e-01
8.640625000000000666e-01,-3.317393414863721635e+00,-3.571428571428571175e+00,-2.142857142857142794e+00
8.643750000000000044e-01,-3.908622399280835324e+00,-3.571428571428571175e+00,-3.571428571428571175e+00
8.646875000000000533e-01,-1.456607444823537989e+00,-2.142857142857142794e+00,-2.142857142857142794e+00
8.649999999999999911e-01,-1.585786437625857470e+00,-2.142857142857142794e+00,-2.142857142857142794e+00
8.653125000000000400e-01,-4.285034569568940910e+00,-3.571428571428571175e+00,-3.571428571428571175e+00
8.656249999999999778e-01,-3.908622399281417525e+00,-3.571428571428571175e+00,-5.000000000000000000e+00
8.659375000000000266e-01,-4.889662901181328625e-01,-7.142857142857144126e-01,-7.142857142857144126e-01
8.662499999999999645e-01,2.661632652776180219e-01,7.142857142857144126e-01,7.142857142857144126e-01
8.665625000000000133e-01,-1.708264983361980516e+00,-2.142857142857142794e+00,-2.142857142857142794e+00
8.668750000000000622e-01,-8.289425963241803252e-01,-7.142857142857144126e-01,-7.142857142857144126e-01
8.671875000000000000e-01,2.828403772850178299e+00,2.142857142857143238e+00,2.142857142857143238e+00
8.675000000000000488e-01,3.535533905933220034e+00,3.571428571428571175e+00,3.571428571428571175e+00
8.678124999999999867e-01,1.231550230672176616e+00,7.142857142857144126e-01,7.142857142857144126e-01
8.681250000000000355e-01,1.528142278836572387e+00,2.142857142857143238e+00,2.142857142857143238e+00
8.684374999999999734e-01,4.399767742388655201e+00,5.000000000000000000e+00,3.571428571428571175e+00
8.687500000000000222e-01,4.185852159907751613e+00,3.571428571428571175e+00,3.571428571428571175e+00
8.690625000000000711e-01,9.048177977157139118e-01,7.142857142857144126e-01,7.142857142857144126e-01
8.693750000000000089e-01,2.524971366854447119e-01,7.142857142857144126e-01,7.142857142857144126e-01
8.696875000000000577e-01,2.285067594136209301e+00,2.142857142857143238e+00,2.142857142857143238e+00
8.699999999999999956e-01,1.414213562373233923e+00,7.142857142857144126e-01,2.142857142857143238e+00
8.703125000000000444e-01,-2.285067594136839908e+00,-2.142857142857142794e+00,-2.142857142857142794e+00
8.706249999999999822e-01,-3.080924261432545830e+00,-3.571428571428571175e+00,-2.142857142857142794e+00
8.709375000000000311e-01,-9.048177977154905349e-01,-7.142857142857144126e-01,-7.142857142857144126e-01
8.712499999999999689e-01,-1.357425035160443549e+00,-7.142857142857144126e-01,-7.142857142857144126e-01
8.715625000000000178e-01,-4.399767742389688152e+00,-5.000000000000000000e+00,-3.571428571428571175e+00
8.718750000000000666e-01,-4.356569403582561506e+00,-5.000000000000000000e+00,-3.571428571428571175e+00
8.721875000000000044e-01,-1.231550230672846080e+00,-7.142857142857144126e-01,-7.142857142857144126e-01
8.725000000000000533e-01,-7.071067811858566809e-01,-7.142857142857144126e-01,-7.142857142857144126e-01
8.728124999999999911e-01,-2.828403772850974551e+00,-2.142857142857142794e+00,-3.571428571428571175e+00
8.731250000000000400e-01,-1.999484528421608953e+00,-2.142857142857142794e+00,-2.142857142857142794e+00
8.734374999999999778e-01,1.708264983360517908e+00,2.142857142857143238e+00,2.142857142857143238e+00
8.737500000000000266e-01,2.562263859469152028e+00,2.142857142857143238e+00,2.142857142857143238e+00
8.740624999999999645e-01,4.889662901183604582e-01,7.142857142857144126e-01,7.142857142857144126e-01
8.743750000000000133e-01,1.080195274534080374e+00,7.142857142857144126e-01,2.142857142857143238e+00
8.746875000000000622e-01,4.285034569569466711e+00,3.571428571428571175e+00,3.571428571428571175e+00
8.750000000000000000e-01,4.414213562373100253e+00,5.000000000000000000e+00,5.000000000000000000e+00
8.753125000000000488e-01,1.456607444823265540e+00,2.142857142857143238e+00,2.142857142857143238e+00
8.756249999999999867e-01,1.080195274533876981e+00,7.142857142857144126e-01,2.142857142857143238e+00
8.759375000000000355e-01,3.317393414863460954e+00,3.571428571428571175e+00,3.571428571428571175e+00
8.762499999999999734e-01,2.562263859468816740e+00,2.142857142857143238e+00,2.142857142857143238e+00
8.765625000000000222e-01,-1.120162141384109633e+00,-7.142857142857144126e-01,-7.142857142857144126e-01
8.768750000000000711e-01,-1.999484528421450857e+00,-2.142857142857142794e+00,-2.142857142857142794e+00
8.771875000000000089e-01,2.335189415503258203e-05,7.142857142857144126e-01,-7.142857142857144126e-01
8.775000000000000577e-01,-7.071067811857871810e-01,-7.142857142857144126e-01,-7.142857142857144126e-01
8.778124999999999956e-01,-4.059977355417613509e+00,-3.571428571428571175e+00,-3.571428571428571175e+00
8.781250000000000444e-01,-4.356569403583050892e+00,-5.000000000000000000e+00,-5.000000000000000000e+00
8.784374999999999822e-01,-1.571340617643534276e+00,-2.142857142857142794e+00,-7.142857142857144126e-01
8.787500000000000311e-01,-1.357425035161006210e+00,-7.142857142857144126e-01,-7.142857142857144126e-01
8.790624999999999689e-01,-3.733244922460554172e+00,-3.571428571428571175e+00,-3.571428571428571175e+00
8.793750000000000178e-01,-3.080924261432659961e+00,-3.571428571428571175e+00,-3.571428571428571175e+00
8.796875000000000666e-01,5.433595306094103350e-01,7.142857142857144126e-01,7.142857142857144126e-01
8.800000000000000044e-01,1.414213562373210387e+00,7.142857142857144126e-01,7.142857142857144126e-01
8.803125000000000533e-01,-5.433595306098999433e-01,-7.142857142857144126e-01,-7.142857142857144126e-01
8.806249999999999911e-01,2.524971366846262555e-01,7.142857142857144126e-01,-7.142857142857144126e-01
8.809375000000000400e-01,3.733244922460654536e+00,3.571428571428571175e+00,3.571428571428571175e+00
8.812499999999999778e-01,4.185852159907311076e+00,3.571428571428571175e+00,5.000000000000000000e+00
8.815625000000000266e-01,1.571340617643735449e+00,2.142857142857143238e+00,7.142857142857144126e-01
8.818749999999999645e-01,1.528142278835324719e+00,2.142857142857143238e+00,2.142857142857143238e+00
8.821875000000000133e-01,4.059977355418482148e+00,3.571428571428571175e+00,3.571428571428571175e+00
8.825000000000000622e-01,3.535533905932247478e+00,3.571428571428571175e+00,3.571428571428571175e+00
8.828125000000000000e-01,-2.335189447943974983e-05,-7.142857142857144126e-01,7.142857142857144126e-01
8.831250000000000488e-01,-8.289425963249703599e-01,-7.142857142857144126e-01,-7.142857142857144126e-01
8.834374999999999867e-01,1.120162141384465571e+00,7.142857142857144126e-01,7.142857142857144126e-01
8.837500000000000355e-01,2.661632652776491081e-01,7.142857142857144126e-01,7.142857142857144126e-01
8.840624999999999734e-01,-3.317393414862820133e+00,-3.571428571428571175e+00,-3.571428571428571175e+00
8.843750000000000222e-01,-3.908622399281405091e+00,-3.571428571428571175e+00,-3.571428571428571175e+00
8.846875000000000711e-01,-1.456607444824068454e+00,-2.142857142857142794e+00,-7.142857142857144126e-01
8.850000000000000089e-01,-1.585786437626655943e+00,-2.142857142857142794e+00,-2.142857142857142794e+00
8.853125000000000577e-01,-4.285034569569696750e+00,-3.571428571428571175e+00,-5.000000000000000000e+00
8.856249999999999956e-01,-3.908622399281823867e+00,-3.571428571428571175e+00,-3.571428571428571175e+00
8.859375000000000444e-01,-4.889662901174847143e-01,-7.142857142857144126e-01,7.142857142857144126e-01
8.862499999999999822e-01,2.661632652782417452e-01,7.142857142857144126e-01,7.142857142857144126e-01
8.865625000000000311e-01,-1.708264983361346356e+00,-2.142857142857142794e+00,-2.142857142857142794e+00
8.868749999999999689e-01,-8.289425963251929597e-01,-7.142857142857144126e-01,-7.142857142857144126e-01
8.871875000000000178e-01,2.828403772851106446e+00,2.142857142857143238e+00,2.142857142857143238e+00
8.875000000000000666e-01,3.535533905932525478e+00,3.571428571428571175e+00,3.571428571428571175e+00
8.878125000000000044e-01,1.231550230672572965e+00,7.142857142857144126e-01,2.142857142857143238e+00
8.881250000000000533e-01,1.528142278836113643e+00,2.142857142857143238e+00,2.142857142857143238e+00
8.884374999999999911e-01,4.399767742389439462e+00,5.000000000000000000e+00,5.000000000000000000e+00
8.887500000000000400e-01,4.185852159907026859e+00,3.571428571428571175e+00,5.000000000000000000e+00
8.890624999999999778e-01,9.048177977163249786e-01,7.142857142857144126e-01,7.142857142857144126e-01
8.893750000000000266e-01,2.524971366848347554e-01,7.142857142857144126e-01,7.142857142857144126e-01
8.896874999999999645e-01,2.285067594136233726e+00,2.142857142857143238e+00,2.142857142857143238e+00
8.900000000000000133e-01,1.414213562373574984e+00,7.142857142857144126e-01,2.142857142857143238e+00
8.903125000000000622e-01,-2.285067594136492630e+00,-2.142857142857142794e+00,-2.142857142857142794e+00
8.906250000000000000e-01,-3.080924261431586153e+00,-3.571428571428571175e+00,-3.571428571428571175e+00
8.909375000000000488e-01,-9.048177977147859874e-01,-7.142857142857144126e-01,-7.142857142857144126e-01
8.912499999999999867e-01,-1.357425035160012117e+00,-7.142857142857144126e-01,-2.142857142857142794e+00
8.915625000000000355e-01,-4.399767742389181002e+00,-5.000000000000000000e+00,-3.571428571428571175e+00
8.918749999999999734e-01,-4.356569403583088196e+00,-5.000000000000000000e+00,-5.000000000000000000e+00
8.921875000000000222e-01,-1.231550230671978552e+00,-7.142857142857144126e-01,-7.142857142857144126e-01
8.925000000000000711e-01,-7.071067811867925990e-01,-7.142857142857144126e-01,-7.142857142857144126e-01
8.928125000000000089e-01,-2.828403772850356823e+00,-2.142857142857142794e+00,-3.571428571428571175e+00
8.931250000000000577e-01,-1.999484528421952678e+00,-2.142857142857142794e+00,-2.142857142857142794e+00
8.934374999999999956e-01,1.708264983361122979e+00,2.142857142857143238e+00,7.142857142857144126e-01
8.937500000000000444e-01,2.562263859468489002e+00,2.142857142857143238e+00,3.571428571428571175e+00
8.940624999999999822e-01,4.889662901189617550e-01,7.142857142857144126e-01,7.142857142857144126e-01
8.943750000000000311e-01,1.080195274534770711e+00,7.142857142857144126e-01,2.142857142857143238e+00
8.946874999999999689e-01,4.285034569568922258e+00,3.571428571428571175e+00,5.000000000000000000e+00
8.950000000000000178e-01,4.414213562373587862e+00,5.000000000000000000e+00,5.000000000000000000e+00
8.953125000000000666e-01,1.456607444823809772e+00,2.142857142857143238e+00,2.142857142857143238e+00
8.956250000000000044e-01,1.080195274534593741e+00,7.142857142857144126e-01,7.142857142857144126e-01
8.959375000000000533e-01,3.317393414864145296e+00,3.571428571428571175e+00,3.571428571428571175e+00
8.962499999999999911e-01,2.562263859469483762e+00,2.142857142857143238e+00,2.142857142857143238e+00
8.965625000000000400e-01,-1.120162141383768128e+00,-7.142857142857144126e-01,-7.142857142857144126e-01
8.968749999999999778e-01,-1.999484528421748397e+00,-2.142857142857142794e+00,-2.142857142857142794e+00
8.971875000000000266e-01,2.335189512447932714e-05,7.142857142857144126e-01,7.142857142857144126e-01
8.974999999999999645e-01,-7.071067811851614593e-01,-7.142857142857144126e-01,-7.142857142857144126e-01
8.978125000000000133e-01,-4.059977355417195177e+00,-3.571428571428571175e+00,-3.571428571428571175e+00
8.981250000000000622e-01,-4.356569403582215116e+00,-5.000000000000000000e+00,-3.571428571428571175e+00
8.984375000000000000e-01,-1.571340617644007454e+00,-2.142857142857142794e+00,-2.142857142857142794e+00
8.987500000000000488e-01,-1.357425035160461979e+00,-7.142857142857144126e-01,-7.142857142857144126e-01
8.990624999999999867e-01,-3.733244922461475657e+00,-3.571428571428571175e+00,-3.571428571428571175e+00
8.993750000000000355e-01,-3.080924261431739364e+00,-3.571428571428571175e+00,-3.571428571428571175e+00
8.996874999999999734e-01,5.433595306087367627e-01,7.142857142857144126e-01,7.142857142857144126e-01
9.000000000000000222e-01,1.414213562373504152e+00,7.142857142857144126e-01,7.142857142857144126e-01
9.003125000000000711e-01,-5.433595306092713351e-01,-7.142857142857144126e-01,-7.142857142857144126e-01
9.006250000000000089e-01,2.524971366855470745e-01,7.142857142857144126e-01,-7.142857142857144126e-01
9.009375000000000577e-01,3.733244922461329551e+00,3.571428571428571175e+00,3.571428571428571175e+00
9.012499999999999956e-01,4.185852159907855530e+00,3.571428571428571175e+00,3.571428571428571175e+00
9.015625000000000444e-01,1.571340617644237936e+00,2.142857142857143238e+00,2.142857142857143238e+00
9.018749999999999822e-01,1.528142278836161161e+00,2.142857142857143238e+00,2.142857142857143238e+00
9.021875000000000311e-01,4.059977355417925260e+00,3.571428571428571175e+00,3.571428571428571175e+00
9.024999999999999689e-01,3.535533905934158838e+00,3.571428571428571175e+00,3.571428571428571175e+00
9.028125000000000178e-01,-2.335189510671575874e-05,-7.142857142857144126e-01,7.142857142857144126e-01
9.031250000000000666e-01,-8.289425963243162165e-01,-7.142857142857144126e-01,-7.142857142857144126e-01
9.034375000000000044e-01,1.120162141383831411e+00,7.142857142857144126e-01,7.142857142857144126e-01
9.037500000000000533e-01,2.661632652783161301e-01,7.142857142857144126e-01,7.142857142857144126e-01
9.040624999999999911e-01,-3.317393414863731849e+00,-3.571428571428571175e+00,-3.571428571428571175e+00
9.043750000000000400e-01,-3.908622399280688331e+00,-3.571428571428571175e+00,-5.000000000000000000e+00
9.046874999999999778e-01,-1.456607444824401298e+00,-2.142857142857142794e+00,-7.142857142857144126e-01
9.050000000000000266e-01,-1.585786437626168111e+00,-2.142857142857142794e+00,-2.142857142857142794e+00
9.053124999999999645e-01,-4.285034569569265095e+00,-3.571428571428571175e+00,-5.000000000000000000e+00
9.056250000000000133e-01,-3.908622399281133752e+00,-3.571428571428571175e+00,-3.571428571428571175e+00
9.059375000000000622e-01,-4.889662901178590815e-01,-7.142857142857144126e-01,-7.142857142857144126e-01
9.062500000000000000e-01,2.661632652788654685e-01,7.142857142857144126e-01,-7.142857142857144126e-01
9.065625000000000488e-01,-1.708264983362338008e+00,-2.142857142857142794e+00,-7.142857142857144126e-01
9.068749999999999867e-01,-8.289425963255365737e-01,-7.142857142857144126e-01,-2.142857142857142794e+00
9.071875000000000355e-01,2.828403772850748066e+00,2.142857142857143238e+00,2.142857142857143238e+00
9.074999999999999734e-01,3.535533905932635168e+00,3.571428571428571175e+00,3.571428571428571175e+00
9.078125000000000222e-01,1.231550230671843993e+00,7.142857142857144126e-01,7.142857142857144126e-01
9.081250000000000711e-01,1.528142278836940537e+00,2.142857142857143238e+00,2.142857142857143238e+00
9.084375000000000089e-01,4.399767742388970504e+00,5.000000000000000000e+00,3.571428571428571175e+00
9.087500000000000577e-01,4.185852159907459402e+00,3.571428571428571175e+00,3.571428571428571175e+00
9.090624999999999956e-01,9.048177977154332474e-01,7.142857142857144126e-01,7.142857142857144126e-01
9.093750000000000444e-01,2.524971366857946542e-01,7.142857142857144126e-01,-7.142857142857144126e-01
9.096874999999999822e-01,2.285067594135605340e+00,2.142857142857143238e+00,2.142857142857143238e+00
9.100000000000000311e-01,1.414213562373915822e+00,7.142857142857144126e-01,2.142857142857143238e+00
9.103124999999999689e-01,-2.285067594135492541e+00,-2.142857142857142794e+00,-2.142857142857142794e+00
9.106250000000000178e-01,-3.080924261432196332e+00,-3.571428571428571175e+00,-3.571428571428571175e+00
9.109375000000000666e-01,-9.048177977153670781e-01,-7.142857142857144126e-01,-7.142857142857144126e-01
9.112500000000000044e-01,-1.357425035160736204e+00,-7.142857142857144126e-01,-7.142857142857144126e-01
9.115625000000000533e-01,-4.399767742389993685e+00,-5.000000000000000000e+00,-3.571428571428571175e+00
9.118749999999999911e-01,-4.356569403583547384e+00,-5.000000000000000000e+00,-5.000000000000000000e+00
9.121875000000000400e-01,-1.231550230672557866e+00,-7.142857142857144126e-01,-2.142857142857142794e+00
9.124999999999999778e-01,-7.071067811864415464e-01,-7.142857142857144126e-01,-7.142857142857144126e-01
9.128125000000000266e-01,-2.828403772851025622e+00,-2.142857142857142794e+00,-2.142857142857142794e+00
9.131249999999999645e-01,-1.999484528422965202e+00,-2.142857142857142794e+00,-2.142857142857142794e+00
9.134375000000000133e-01,1.708264983360781475e+00,2.142857142857143238e+00,7.142857142857144126e-01
9.137500000000000622e-01,2.562263859469112948e+00,2.142857142857143238e+00,2.142857142857143238e+00
9.140625000000000000e-01,4.889662901180136245e-01,7.142857142857144126e-01,7.142857142857144126e-01
9.143750000000000488e-01,1.080195274534364591e+00,7.142857142857144126e-01,2.142857142857143238e+00
9.146874999999999867e-01,4.285034569568477281e+00,3.571428571428571175e+00,5.000000000000000000e+00
9.150000000000000355e-01,4.414213562372789390e+00,5.000000000000000000e+00,5.000000000000000000e+00
9.153124999999999734e-01,1.456607444824354003e+00,2.142857142857143238e+00,7.142857142857144126e-01
9.156250000000000222e-01,1.080195274534023975e+00,7.142857142857144126e-01,7.142857142857144126e-01
9.159375000000000711e-01,3.317393414863807344e+00,3.571428571428571175e+00,3.571428571428571175e+00
9.162500000000000089e-01,2.562263859468550287e+00,2.142857142857143238e+00,2.142857142857143238e+00
9.165625000000000577e-01,-1.120162141384712706e+00,-7.142857142857144126e-01,-7.142857142857144126e-01
9.168749999999999956e-01,-1.999484528422045937e+00,-2.142857142857142794e+00,-2.142857142857142794e+00
9.171875000000000444e-01,2.335189450697328084e-05,7.142857142857144126e-01,-7.142857142857144126e-01
9.174999999999999822e-01,-7.071067811860638486e-01,-7.142857142857144126e-01,-7.142857142857144126e-01
9.178125000000000311e-01,-4.059977355417902167e+00,-3.571428571428571175e+00,-3.571428571428571175e+00
9.181249999999999689e-01,-4.356569403583950617e+00,-5.000000000000000000e+00,-3.571428571428571175e+00
9.184375000000000178e-01,-1.571340617644481075e+00,-2.142857142857142794e+00,-2.142857142857142794e+00
9.187500000000000666e-01,-1.357425035161335058e+00,-7.142857142857144126e-01,-2.142857142857142794e+00
9.190625000000000044e-01,-3.733244922460894344e+00,-3.571428571428571175e+00,-3.571428571428571175e+00
9.193750000000000533e-01,-3.080924261432104849e+00,-3.571428571428571175e+00,-3.571428571428571175e+00
9.196874999999999911e-01,5.433595306093494948e-01,7.142857142857144126e-01,7.142857142857144126e-01
9.200000000000000400e-01,1.414213562372852895e+00,7.142857142857144126e-01,2.142857142857143238e+00
9.203124999999999778e-01,-5.433595306089692434e-01,-7.142857142857144126e-01,-7.142857142857144126e-01
9.206250000000000266e-01,2.524971366848978160e-01,7.142857142857144126e-01,7.142857142857144126e-01
9.209374999999999645e-01,3.733244922460718485e+00,3.571428571428571175e+00,3.571428571428571175e+00
9.212500000000000133e-01,4.185852159907113013e+00,3.571428571428571175e+00,3.571428571428571175e+00
9.215625000000000622e-01,1.571340617643419924e+00,2.142857142857143238e+00,2.142857142857143238e+00
9.218750000000000000e-01,1.528142278835644463e+00,2.142857142857143238e+00,2.142857142857143238e+00
9.221875000000000488e-01,4.059977355417368372e+00,3.571428571428571175e+00,5.000000000000000000e+00
9.224999999999999867e-01,3.535533905933498033e+00,3.571428571428571175e+00,3.571428571428571175e+00
9.228125000000000355e-01,-2.335189474833576639e-05,-7.142857142857144126e-01,-7.142857142857144126e-01
9.231249999999999734e-01,-8.289425963246137563e-01,-7.142857142857144126e-01,-7.142857142857144126e-01
9.234375000000000222e-01,1.120162141384822618e+00,7.142857142857144126e-01,7.142857142857144126e-01
9.237500000000000711e-01,2.661632652773819885e-01,7.142857142857144126e-01,7.142857142857144126e-01
9.240625000000000089e-01,-3.317393414863357926e+00,-3.571428571428571175e+00,-2.142857142857142794e+00
9.243750000000000577e-01,-3.908622399281068471e+00,-3.571428571428571175e+00,-3.571428571428571175e+00
9.246874999999999956e-01,-1.456607444823645681e+00,-2.142857142857142794e+00,-7.142857142857144126e-01
9.250000000000000444e-01,-1.585786437626966361e+00,-2.142857142857142794e+00,-2.142857142857142794e+00
9.253124999999999822e-01,-4.285034569568833440e+00,-3.571428571428571175e+00,-5.000000000000000000e+00
9.256250000000000311e-01,-3.908622399281539650e+00,-3.571428571428571175e+00,-3.571428571428571175e+00
9.259374999999999689e-01,-4.889662901184967936e-01,-7.142857142857144126e-01,7.142857142857144126e-01
9.262500000000000178e-01,2.661632652778880281e-01,7.142857142857144126e-01,7.142857142857144126e-01
9.265625000000000666e-01,-1.708264983361703626e+00,-2.142857142857142794e+00,-7.142857142857144126e-01
9.268750000000000044e-01,-8.289425963245942164e-01,-7.142857142857144126e-01,-7.142857142857144126e-01
9.271875000000000533e-01,2.828403772851375564e+00,2.142857142857143238e+00,3.571428571428571175e+00
9.274999999999999911e-01,3.535533905933227139e+00,3.571428571428571175e+00,3.571428571428571175e+00
9.278125000000000400e-01,1.231550230672401103e+00,7.142857142857144126e-01,7.142857142857144126e-01
9.281249999999999778e-01,1.528142278836347900e+00,2.142857142857143238e+00,7.142857142857144126e-01
9.284375000000000266e-01,4.399767742389753877e+00,5.000000000000000000e+00,3.571428571428571175e+00
9.287499999999999645e-01,4.185852159908021619e+00,3.571428571428571175e+00,5.000000000000000000e+00
9.290625000000000133e-01,9.048177977160443142e-01,7.142857142857144126e-01,7.142857142857144126e-01
9.293750000000000622e-01,2.524971366851844756e-01,7.142857142857144126e-01,7.142857142857144126e-01
9.296875000000000000e-01,2.285067594136262592e+00,2.142857142857143238e+00,2.142857142857143238e+00
9.300000000000000488e-01,1.414213562373311417e+00,7.142857142857144126e-01,2.142857142857143238e+00
9.303124999999999867e-01,-2.285067594135145264e+00,-2.142857142857142794e+00,-3.571428571428571175e+00
9.306250000000000355e-01,-3.080924261431519984e+00,-3.571428571428571175e+00,-2.142857142857142794e+00
9.309374999999999734e-01,-9.048177977157314533e-01,-7.142857142857144126e-01,-7.142857142857144126e-01
9.312500000000000222e-01,-1.357425035160304327e+00,-7.142857142857144126e-01,-2.142857142857142794e+00
9.315625000000000711e-01,-4.399767742389519398e+00,-5.000000000000000000e+00,-5.000000000000000000e+00
9.318750000000000089e-01,-4.356569403582787103e+00,-5.000000000000000000e+00,-3.571428571428571175e+00
9.321875000000000577e-01,-1.231550230671690116e+00,-7.142857142857144126e-01,-7.142857142857144126e-01
9.324999999999999956e-01,-7.071067811858497976e-01,-7.142857142857144126e-01,-7.142857142857144126e-01
9.328125000000000444e-01,-2.828403772850708986e+00,-2.142857142857142794e+00,-2.142857142857142794e+00
9.331249999999999822e-01,-1.999484528422022844e+00,-2.142857142857142794e+00,-2.142857142857142794e+00
9.334375000000000311e-01,1.708264983361726053e+00,2.142857142857143238e+00,2.142857142857143238e+00
9.337499999999999689e-01,2.562263859469421590e+00,2.142857142857143238e+00,3.571428571428571175e+00
9.340625000000000178e-01,4.889662901186151434e-01,7.142857142857144126e-01,7.142857142857144126e-01
9.343750000000000666e-01,1.080195274533958472e+00,7.142857142857144126e-01,7.142857142857144126e-01
9.346875000000000044e-01,4.285034569569218910e+00,3.571428571428571175e+00,5.000000000000000000e+00
9.350000000000000533e-01,4.414213562373277000e+00,5.000000000000000000e+00,5.000000000000000000e+00
9.353124999999999911e-01,1.456607444823512454e+00,2.142857142857143238e+00,7.142857142857144126e-01
9.356250000000000400e-01,1.080195274534929917e+00,7.142857142857144126e-01,7.142857142857144126e-01
9.359374999999999778e-01,3.317393414863469836e+00,3.571428571428571175e+00,3.571428571428571175e+00
9.362500000000000266e-01,2.562263859468902005e+00,2.142857142857143238e+00,2.142857142857143238e+00
9.365624999999999645e-01,-1.120162141384031695e+00,-7.142857142857144126e-01,-7.142857142857144126e-01
9.368750000000000133e-01,-1.999484528421391794e+00,-2.142857142857142794e+00,-2.142857142857142794e+00
9.371875000000000622e-01,2.335189517577163087e-05,7.142857142857144126e-01,7.142857142857144126e-01
9.375000000000000000e-01,-7.071067811854392371e-01,-7.142857142857144126e-01,-7.142857142857144126e-01
9.378125000000000488e-01,-4.059977355417483835e+00,-3.571428571428571175e+00,-3.571428571428571175e+00
9.381249999999999867e-01,-4.356569403583181455e+00,-5.000000000000000000e+00,-5.000000000000000000e+00
9.384375000000000355e-01,-1.571340617643701920e+00,-2.142857142857142794e+00,-7.142857142857144126e-01
9.387499999999999734e-01,-1.357425035159635085e+00,-7.142857142857144126e-01,-7.142857142857144126e-01
9.390625000000000222e-01,-3.733244922461599558e+00,-3.571428571428571175e+00,-3.571428571428571175e+00
9.393750000000000711e-01,-3.080924261431468025e+00,-3.571428571428571175e+00,-2.142857142857142794e+00
9.396875000000000089e-01,5.433595306090024390e-01,7.142857142857144126e-01,-7.142857142857144126e-01
9.400000000000000577e-01,1.414213562373487720e+00,7.142857142857144126e-01,2.142857142857143238e+00
9.403124999999999956e-01,-5.433595306096268285e-01,-7.142857142857144126e-01,-7.142857142857144126e-01
9.406250000000000444e-01,2.524971366858186350e-01,7.142857142857144126e-01,7.142857142857144126e-01
9.409374999999999822e-01,3.733244922460324133e+00,3.571428571428571175e+00,3.571428571428571175e+00
9.412500000000000311e-01,4.185852159907526904e+00,3.571428571428571175e+00,3.571428571428571175e+00
9.415624999999999689e-01,1.571340617643889104e+00,2.142857142857143238e+00,7.142857142857144126e-01
9.418750000000000178e-01,1.528142278836413848e+00,2.142857142857143238e+00,2.142857142857143238e+00
9.421875000000000666e-01,4.059977355418258327e+00,3.571428571428571175e+00,3.571428571428571175e+00
9.425000000000000044e-01,3.535533905933881726e+00,3.571428571428571175e+00,3.571428571428571175e+00
9.428125000000000533e-01,-2.335189567648221498e-05,-7.142857142857144126e-01,-7.142857142857144126e-01
9.431249999999999911e-01,-8.289425963252456953e-01,-7.142857142857144126e-01,-2.142857142857142794e+00
9.434375000000000400e-01,1.120162141384188681e+00,7.142857142857144126e-01,2.142857142857143238e+00
9.437499999999999778e-01,2.661632652780492325e-01,7.142857142857144126e-01,-7.142857142857144126e-01
9.440625000000000266e-01,-3.317393414864006296e+00,-3.571428571428571175e+00,-3.571428571428571175e+00
9.443749999999999645e-01,-3.908622399281448168e+00,-3.571428571428571175e+00,-3.571428571428571175e+00
9.446875000000000133e-01,-1.456607444824176145e+00,-2.142857142857142794e+00,-2.142857142857142794e+00
9.450000000000000622e-01,-1.585786437626478529e+00,-2.142857142857142794e+00,-2.142857142857142794e+00
9.453125000000000000e-01,-4.285034569569589280e+00,-3.571428571428571175e+00,-5.000000000000000000e+00
9.456250000000000488e-01,-3.908622399280659465e+00,-3.571428571428571175e+00,-3.571428571428571175e+00
9.459374999999999867e-01,-4.889662901188709387e-01,-7.142857142857144126e-01,-7.142857142857144126e-01
9.462500000000000355e-01,2.661632652785117514e-01,7.142857142857144126e-01,7.142857142857144126e-01
9.465624999999999734e-01,-1.708264983361408973e+00,-2.142857142857142794e+00,-2.142857142857142794e+00
9.468750000000000222e-01,-8.289425963249377194e-01,-7.142857142857144126e-01,-7.142857142857144126e-01
9.471875000000000711e-01,2.828403772851017184e+00,2.142857142857143238e+00,2.142857142857143238e+00
9.475000000000000089e-01,3.535533905932532583e+00,3.571428571428571175e+00,3.571428571428571175e+00
9.478125000000000577e-01,1.231550230671511370e+00,7.142857142857144126e-01,7.142857142857144126e-01
9.481249999999999956e-01,1.528142278835888712e+00,2.142857142857143238e+00,7.142857142857144126e-01
9.484375000000000444e-01,4.399767742389252057e+00,5.000000000000000000e+00,3.571428571428571175e+00
9.487499999999999822e-01,4.185852159907166303e+00,3.571428571428571175e+00,3.571428571428571175e+00
9.490625000000000311e-01,9.048177977151525830e-01,7.142857142857144126e-01,2.142857142857143238e+00
9.493749999999999689e-01,2.524971366848578480e-01,7.142857142857144126e-01,-7.142857142857144126e-01
9.496875000000000178e-01,2.285067594135634206e+00,2.142857142857143238e+00,2.142857142857143238e+00
9.500000000000000666e-01,1.414213562373652255e+00,7.142857142857144126e-01,7.142857142857144126e-01
9.503125000000000044e-01,-2.285067594136084512e+00,-2.142857142857142794e+00,-2.142857142857142794e+00
9.506250000000000533e-01,-3.080924261431846389e+00,-3.571428571428571175e+00,-3.571428571428571175e+00
9.509374999999999911e-01,-9.048177977160962726e-01,-7.142857142857144126e-01,-7.142857142857144126e-01
9.512500000000000400e-01,-1.357425035161159199e+00,-7.142857142857144126e-01,-7.142857142857144126e-01
9.515624999999999778e-01,-4.399767742389013137e+00,-5.000000000000000000e+00,-3.571428571428571175e+00
9.518750000000000266e-01,-4.356569403583245403e+00,-5.000000000000000000e+00,-5.000000000000000000e+00
9.521874999999999645e-01,-1.231550230672269652e+00,-7.142857142857144126e-01,-2.142857142857142794e+00
9.525000000000000133e-01,-7.071067811865441310e-01,-7.142857142857144126e-01,-7.142857142857144126e-01
9.528125000000000622e-01,-2.828403772851377784e+00,-2.142857142857142794e+00,-3.571428571428571175e+00
9.531250000000000000e-01,-1.999484528422366569e+00,-2.142857142857142794e+00,-2.142857142857142794e+00
9.534375000000000488e-01,1.708264983361384548e+00,2.142857142857143238e+00,2.142857142857143238e+00
9.537499999999999867e-01,2.562263859468444149e+00,2.142857142857143238e+00,2.142857142857143238e+00
9.540625000000000355e-01,4.889662901179301358e-01,7.142857142857144126e-01,7.142857142857144126e-01
9.543749999999999734e-01,1.080195274533363170e+00,7.142857142857144126e-01,7.142857142857144126e-01
9.546875000000000222e-01,4.285034569568773932e+00,3.571428571428571175e+00,5.000000000000000000e+00
9.550000000000000711e-01,4.414213562372479416e+00,5.000000000000000000e+00,5.000000000000000000e+00
9.553125000000000089e-01,1.456607444823957875e+00,2.142857142857143238e+00,7.142857142857144126e-01
9.556250000000000577e-01,1.080195274534360816e+00,7.142857142857144126e-01,7.142857142857144126e-01
9.559374999999999956e-01,3.317393414864154622e+00,3.571428571428571175e+00,3.571428571428571175e+00
9.562500000000000444e-01,2.562263859467967642e+00,2.142857142857143238e+00,2.142857142857143238e+00
9.565624999999999822e-01,-1.120162141383350907e+00,-7.142857142857144126e-01,-2.142857142857142794e+00
9.568750000000000311e-01,-1.999484528422023955e+00,-2.142857142857142794e+00,-2.142857142857142794e+00
9.571874999999999689e-01,2.335189485891397965e-05,7.142857142857144126e-01,7.142857142857144126e-01
9.575000000000000178e-01,-7.071067811863414043e-01,-7.142857142857144126e-01,-7.142857142857144126e-01
9.578125000000000666e-01,-4.059977355418351586e+00,-3.571428571428571175e+00,-5.000000000000000000e+00
9.581250000000000044e-01,-4.356569403583697486e+00,-5.000000000000000000e+00,-5.000000000000000000e+00
9.584375000000000533e-01,-1.571340617644175097e+00,-2.142857142857142794e+00,-7.142857142857144126e-01
9.587499999999999911e-01,-1.357425035160376936e+00,-7.142857142857144126e-01,-2.142857142857142794e+00
9.590625000000000400e-01,-3.733244922461018689e+00,-3.571428571428571175e+00,-3.571428571428571175e+00
9.593749999999999778e-01,-3.080924261433403366e+00,-3.571428571428571175e+00,-2.142857142857142794e+00
9.596875000000000266e-01,5.433595306099412436e-01,7.142857142857144126e-01,7.142857142857144126e-01
9.599999999999999645e-01,1.414213562373781485e+00,7.142857142857144126e-01,7.142857142857144126e-01
9.603125000000000133e-01,-5.433595306093246258e-01,-7.142857142857144126e-01,-7.142857142857144126e-01
9.606250000000000622e-01,2.524971366854527055e-01,7.142857142857144126e-01,7.142857142857144126e-01
9.609375000000000000e-01,3.733244922461215864e+00,3.571428571428571175e+00,3.571428571428571175e+00
9.612500000000000488e-01,4.185852159906785275e+00,3.571428571428571175e+00,5.000000000000000000e+00
9.615624999999999867e-01,1.571340617644391813e+00,2.142857142857143238e+00,7.142857142857144126e-01
9.618750000000000355e-01,1.528142278835897150e+00,2.142857142857143238e+00,7.142857142857144126e-01
9.621874999999999734e-01,4.059977355417862199e+00,3.571428571428571175e+00,5.000000000000000000e+00
9.625000000000000222e-01,3.535533905932979337e+00,3.571428571428571175e+00,3.571428571428571175e+00
9.628125000000000711e-01,-2.335189531832426724e-05,-7.142857142857144126e-01,7.142857142857144126e-01
9.631250000000000089e-01,-8.289425963255433460e-01,-7.142857142857144126e-01,-7.142857142857144126e-01
9.634375000000000577e-01,1.120162141384840604e+00,7.142857142857144126e-01,7.142857142857144126e-01
9.637499999999999956e-01,2.661632652784011732e-01,7.142857142857144126e-01,7.142857142857144126e-01
9.640625000000000444e-01,-3.317393414863631929e+00,-3.571428571428571175e+00,-3.571428571428571175e+00
9.643749999999999822e-01,-3.908622399280731408e+00,-3.571428571428571175e+00,-3.571428571428571175e+00
9.646875000000000311e-01,-1.456607444823420305e+00,-2.142857142857142794e+00,-2.142857142857142794e+00
9.649999999999999689e-01,-1.585786437625990697e+00,-2.142857142857142794e+00,-2.142857142857142794e+00
9.653125000000000178e-01,-4.285034569569059038e+00,-3.571428571428571175e+00,-5.000000000000000000e+00
9.656250000000000666e-01,-3.908622399281066251e+00,-3.571428571428571175e+00,-3.571428571428571175e+00
9.659375000000000044e-01,-4.889662901182227905e-01,-7.142857142857144126e-01,7.142857142857144126e-01
9.662500000000000533e-01,2.661632652778489483e-01,7.142857142857144126e-01,7.142857142857144126e-01
9.665624999999999911e-01,-1.708264983360774814e+00,-2.142857142857142794e+00,-7.142857142857144126e-01
9.668750000000000400e-01,-8.289425963256159546e-01,-7.142857142857144126e-01,-7.142857142857144126e-01
9.671874999999999778e-01,2.828403772850358155e+00,2.142857142857143238e+00,3.571428571428571175e+00
9.675000000000000266e-01,3.535533905933124998e+00,3.571428571428571175e+00,3.571428571428571175e+00
9.678125000000000755e-01,1.231550230672068480e+00,7.142857142857144126e-01,7.142857142857144126e-01
9.681250000000000133e-01,1.528142278836716050e+00,2.142857142857143238e+00,7.142857142857144126e-01
9.684375000000000622e-01,4.399767742390036318e+00,5.000000000000000000e+00,5.000000000000000000e+00
9.687500000000000000e-01,4.185852159907728520e+00,3.571428571428571175e+00,3.571428571428571175e+00
9.690625000000000488e-01,9.048177977155471563e-01,7.142857142857144126e-01,7.142857142857144126e-01
9.693749999999999867e-01,2.524971366855337518e-01,7.142857142857144126e-01,7.142857142857144126e-01
9.696875000000000355e-01,2.285067594136618307e+00,2.142857142857143238e+00,2.142857142857143238e+00
9.699999999999999734e-01,1.414213562374333932e+00,7.142857142857144126e-01,7.142857142857144126e-01
9.703125000000000222e-01,-2.285067594135737234e+00,-2.142857142857142794e+00,-2.142857142857142794e+00
9.706250000000000711e-01,-3.080924261432456568e+00,-3.571428571428571175e+00,-2.142857142857142794e+00
9.709375000000000089e-01,-9.048177977153912810e-01,-7.142857142857144126e-01,-2.142857142857142794e+00
9.712500000000000577e-01,-1.357425035160727766e+00,-7.142857142857144126e-01,-7.142857142857144126e-01
9.715624999999999956e-01,-4.399767742388506875e+00,-5.000000000000000000e+00,-3.571428571428571175e+00
9.718750000000000444e-01,-4.356569403582418509e+00,-5.000000000000000000e+00,-3.571428571428571175e+00
9.721874999999999822e-01,-1.231550230672688206e+00,-7.142857142857144126e-01,-2.142857142857142794e+00
9.725000000000000311e-01,-7.071067811861939667e-01,-7.142857142857144126e-01,-7.142857142857144126e-01
9.728124999999999689e-01,-2.828403772851061149e+00,-2.142857142857142794e+00,-3.571428571428571175e+00
9.731250000000000178e-01,-1.999484528421423768e+00,-2.142857142857142794e+00,-2.142857142857142794e+00
9.734375000000000666e-01,1.708264983361989842e+00,2.142857142857143238e+00,2.142857142857143238e+00
9.737500000000000044e-01,2.562263859469067651e+00,2.142857142857143238e+00,3.571428571428571175e+00
9.740625000000000533e-01,4.889662901185314325e-01,7.142857142857144126e-01,-7.142857142857144126e-01
9.743749999999999911e-01,1.080195274534053063e+00,7.142857142857144126e-01,7.142857142857144126e-01
9.746875000000000400e-01,4.285034569569615037e+00,3.571428571428571175e+00,3.571428571428571175e+00
9.749999999999999778e-01,4.414213562374253108e+00,5.000000000000000000e+00,3.571428571428571175e+00
9.753125000000000266e-01,1.456607444824502107e+00,2.142857142857143238e+00,7.142857142857144126e-01
9.756250000000000755e-01,1.080195274535077354e+00,7.142857142857144126e-01,7.142857142857144126e-01
9.759375000000000133e-01,3.317393414863552881e+00,3.571428571428571175e+00,3.571428571428571175e+00
9.762500000000000622e-01,2.562263859468635108e+00,2.142857142857143238e+00,3.571428571428571175e+00
9.765625000000000000e-01,-1.120162141384295484e+00,-7.142857142857144126e-01,-7.142857142857144126e-01
9.768750000000000488e-01,-1.999484528421369589e+00,-2.142857142857142794e+00,-2.142857142857142794e+00
9.771874999999999867e-01,2.335189454227837302e-05,7.142857142857144126e-01,-7.142857142857144126e-01
9.775000000000000355e-01,-7.071067811859574892e-01,-7.142857142857144126e-01,-7.142857142857144126e-01
9.778124999999999734e-01,-4.059977355417771605e+00,-3.571428571428571175e+00,-3.571428571428571175e+00
9.781250000000000222e-01,-4.356569403582861710e+00,-5.000000000000000000e+00,-3.571428571428571175e+00
9.784375000000000711e-01,-1.571340617643362636e+00,-2.142857142857142794e+00,-7.142857142857144126e-01
9.787500000000000089e-01,-1.357425035159833149e+00,-7.142857142857144126e-01,-7.142857142857144126e-01
9.790625000000000577e-01,-3.733244922460653648e+00,-3.571428571428571175e+00,-3.571428571428571175e+00
9.793749999999999956e-01,-3.080924261432483213e+00,-3.571428571428571175e+00,-3.571428571428571175e+00
9.796875000000000444e-01,5.433595306095941879e-01,7.142857142857144126e-01,7.142857142857144126e-01
9.799999999999999822e-01,1.414213562372789390e+00,7.142857142857144126e-01,2.142857142857143238e+00
9.803125000000000311e-01,-5.433595306099825439e-01,-7.142857142857144126e-01,-7.142857142857144126e-01
9.806249999999999689e-01,2.524971366848036691e-01,7.142857142857144126e-01,7.142857142857144126e-01
9.809375000000000178e-01,3.733244922460604798e+00,3.571428571428571175e+00,3.571428571428571175e+00
9.812500000000000666e-01,4.185852159907328840e+00,3.571428571428571175e+00,3.571428571428571175e+00
9.815625000000000044e-01,1.571340617643607551e+00,2.142857142857143238e+00,2.142857142857143238e+00
9.818750000000000533e-01,1.528142278836733592e+00,2.142857142857143238e+00,2.142857142857143238e+00
9.821874999999999911e-01,4.059977355417304423e+00,3.571428571428571175e+00,3.571428571428571175e+00
9.825000000000000400e-01,3.535533905933363918e+00,3.571428571428571175e+00,3.571428571428571175e+00
9.828124999999999778e-01,-2.335189435842544015e-05,-7.142857142857144126e-01,-7.142857142857144126e-01
9.831250000000000266e-01,-8.289425963248892026e-01,-7.142857142857144126e-01,-7.142857142857144126e-01
9.834375000000000755e-01,1.120162141384206445e+00,7.142857142857144126e-01,7.142857142857144126e-01
9.837500000000000133e-01,2.661632652777823349e-01,7.142857142857144126e-01,7.142857142857144126e-01
9.840625000000000622e-01,-3.317393414864543644e+00,-3.571428571428571175e+00,-3.571428571428571175e+00
9.843750000000000000e-01,-3.908622399281301174e+00,-3.571428571428571175e+00,-3.571428571428571175e+00
9.846875000000000488e-01,-1.456607444823851960e+00,-2.142857142857142794e+00,-2.142857142857142794e+00
9.849999999999999867e-01,-1.585786437626788947e+00,-2.142857142857142794e+00,-7.142857142857144126e-01
9.853125000000000355e-01,-4.285034569569814877e+00,-3.571428571428571175e+00,-5.000000000000000000e+00
9.856249999999999734e-01,-3.908622399281850956e+00,-3.571428571428571175e+00,-3.571428571428571175e+00
9.859375000000000222e-01,-4.889662901185969357e-01,-7.142857142857144126e-01,-7.142857142857144126e-01
9.862500000000000711e-01,2.661632652784728936e-01,7.142857142857144126e-01,7.142857142857144126e-01
9.865625000000000089e-01,-1.708264983361766021e+00,-2.142857142857142794e+00,-2.142857142857142794e+00
9.868750000000000577e-01,-8.289425963246734863e-01,-7.142857142857144126e-01,-7.142857142857144126e-01
9.871874999999999956e-01,2.828403772849999775e+00,2.142857142857143238e+00,2.142857142857143238e+00
9.875000000000000444e-01,3.535533905932188858e+00,3.571428571428571175e+00,3.571428571428571175e+00
9.878124999999999822e-01,1.231550230672464830e+00,7.142857142857144126e-01,7.142857142857144126e-01
9.881250000000000311e-01,1.528142278836257084e+00,2.142857142857143238e+00,7.142857142857144126e-01
9.884374999999999689e-01,4.399767742389601111e+00,5.000000000000000000e+00,5.000000000000000000e+00
9.887500000000000178e-01,4.185852159906874093e+00,3.571428571428571175e+00,3.571428571428571175e+00
9.890625000000000666e-01,9.048177977146556472e-01,7.142857142857144126e-01,7.142857142857144126e-01
9.893750000000000044e-01,2.524971366852075683e-01,7.142857142857144126e-01,7.142857142857144126e-01
9.896875000000000533e-01,2.285067594135989921e+00,2.142857142857143238e+00,2.142857142857143238e+00
9.899999999999999911e-01,1.414213562373388688e+00,7.142857142857144126e-01,2.142857142857143238e+00
9.903125000000000400e-01,-2.285067594136350078e+00,-2.142857142857142794e+00,-2.142857142857142794e+00
9.906249999999999778e-01,-3.080924261432783418e+00,-3.571428571428571175e+00,-3.571428571428571175e+00
9.909375000000000266e-01,-9.048177977159723717e-01,-7.142857142857144126e-01,-7.142857142857144126e-01
9.912500000000000755e-01,-1.357425035161451854e+00,-7.142857142857144126e-01,-2.142857142857142794e+00
9.915625000000000133e-01,-4.399767742389318670e+00,-5.000000000000000000e+00,-5.000000000000000000e+00
9.918750000000000622e-01,-4.356569403582877698e+00,-5.000000000000000000e+00,-5.000000000000000000e+00
9.921875000000000000e-01,-1.231550230671980772e+00,-7.142857142857144126e-01,-2.142857142857142794e+00
9.925000000000000488e-01,-7.071067811868885222e-01,-7.142857142857144126e-01,-7.142857142857144126e-01
9.928124999999999867e-01,-2.828403772850443421e+00,-2.142857142857142794e+00,-2.142857142857142794e+00
9.931250000000000355e-01,-1.999484528422102114e+00,-2.142857142857142794e+00,-2.142857142857142794e+00
9.934374999999999734e-01,1.708264983361308609e+00,2.142857142857143238e+00,2.142857142857143238e+00
9.937500000000000222e-01,2.562263859468405514e+00,2.142857142857143238e+00,2.142857142857143238e+00
9.940625000000000711e-01,4.889662901175835241e-01,7.142857142857144126e-01,7.142857142857144126e-01
9.943750000000000089e-01,1.080195274533646943e+00,7.142857142857144126e-01,7.142857142857144126e-01
9.946875000000000577e-01,4.285034569569170060e+00,3.571428571428571175e+00,3.571428571428571175e+00
9.949999999999999956e-01,4.414213562373454636e+00,5.000000000000000000e+00,5.000000000000000000e+00
9.953125000000000444e-01,1.456607444823661002e+00,2.142857142857143238e+00,2.142857142857143238e+00
9.956249999999999822e-01,1.080195274533411354e+00,7.142857142857144126e-01,7.142857142857144126e-01
9.959375000000000311e-01,3.317393414864501011e+00,3.571428571428571175e+00,3.571428571428571175e+00
9.962499999999999689e-01,2.562263859469301686e+00,2.142857142857143238e+00,3.571428571428571175e+00
9.965625000000000178e-01,-1.120162141383953758e+00,-7.142857142857144126e-01,-7.142857142857144126e-01
9.968750000000000666e-01,-1.999484528421667573e+00,-2.142857142857142794e+00,-2.142857142857142794e+00
9.971875000000000044e-01,2.335189521063263385e-05,7.142857142857144126e-01,7.142857142857144126e-01
9.975000000000000533e-01,-7.071067811868596564e-01,-7.142857142857144126e-01,-7.142857142857144126e-01
9.978124999999999911e-01,-4.059977355417192513e+00,-3.571428571428571175e+00,-5.000000000000000000e+00
9.981250000000000400e-01,-4.356569403583377742e+00,-5.000000000000000000e+00,-5.000000000000000000e+00
9.984374999999999778e-01,-1.571340617643869564e+00,-2.142857142857142794e+00,-2.142857142857142794e+00
9.987500000000000266e-01,-1.357425035160705784e+00,-7.142857142857144126e-01,-7.142857142857144126e-01
9.990625000000000755e-01,-3.733244922461358861e+00,-3.571428571428571175e+00,-3.571428571428571175e+00
9.993750000000000133e-01,-3.080924261432848255e+00,-3.571428571428571175e+00,-3.571428571428571175e+00
9.996875000000000622e-01,5.433595306102066980e-01,7.142857142857144126e-01,7.142857142857144126e-01
